Name,Path to File,Sub-Theme Name,Variable Name,Description,Time Period,Climate Model,RCP,Crop,Water Supply,Input Level,Data  Units,Recommended Renderer,Download URL,File Identifier,New Water Supply,New Crop
alfa200a_eta,\res02\CRUTS32\Hist\8110L\alfa200a_eta.tif,Growth Cycle Attributes,Crop-specific actual evapotranspiration (mm),Crop-specific actual evapotranspiration (mm) for the time period 1981-2010 for Alfalfa with an Available water content of 200 mm/m (under irrigation conditions) and low input level using climate data source CRUTS32 based on Historical,1981-2010,CRUTS32,Historical,Alfalfa,Available water content of 200 mm/m (under irrigation conditions),Low,mm,Growth Cycle Attributes - Precipitation, https://s3.eu-west-1.amazonaws.com/data.gaezdev.aws.fao.org/res02/CRUTS32/Hist/8110L/alfa200a_eta.tif,277888,Irrigation,ALF
alfa200b_eta,\res02\CRUTS32\Hist\8110L\alfa200b_eta.tif,Growth Cycle Attributes,Crop-specific actual evapotranspiration (mm),Crop-specific actual evapotranspiration (mm) for the time period 1981-2010 for Alfalfa with an Available water content of 200 mm/m (under rain-fed conditions) and low input level using climate data source CRUTS32 based on Historical,1981-2010,CRUTS32,Historical,Alfalfa,Available water content of 200 mm/m (under rain-fed conditions),Low,mm,Growth Cycle Attributes - Precipitation, https://s3.eu-west-1.amazonaws.com/data.gaezdev.aws.fao.org/res02/CRUTS32/Hist/8110L/alfa200b_eta.tif,281097,Rain-fed,ALF
bana200a_eta,\res02\CRUTS32\Hist\8110L\bana200a_eta.tif,Growth Cycle Attributes,Crop-specific actual evapotranspiration (mm),Crop-specific actual evapotranspiration (mm) for the time period 1981-2010 for Banana with an Available water content of 200 mm/m (under irrigation conditions) and low input level using climate data source CRUTS32 based on Historical,1981-2010,CRUTS32,Historical,Banana,Available water content of 200 mm/m (under irrigation conditions),Low,mm,Growth Cycle Attributes - Precipitation, https://s3.eu-west-1.amazonaws.com/data.gaezdev.aws.fao.org/res02/CRUTS32/Hist/8110L/bana200a_eta.tif,280938,Irrigation,BAN
bana200b_eta,\res02\CRUTS32\Hist\8110L\bana200b_eta.tif,Growth Cycle Attributes,Crop-specific actual evapotranspiration (mm),Crop-specific actual evapotranspiration (mm) for the time period 1981-2010 for Banana with an Available water content of 200 mm/m (under rain-fed conditions) and low input level using climate data source CRUTS32 based on Historical,1981-2010,CRUTS32,Historical,Banana,Available water content of 200 mm/m (under rain-fed conditions),Low,mm,Growth Cycle Attributes - Precipitation, https://s3.eu-west-1.amazonaws.com/data.gaezdev.aws.fao.org/res02/CRUTS32/Hist/8110L/bana200b_eta.tif,281996,Rain-fed,BAN
barl200a_eta,\res02\CRUTS32\Hist\8110L\barl200a_eta.tif,Growth Cycle Attributes,Crop-specific actual evapotranspiration (mm),Crop-specific actual evapotranspiration (mm) for the time period 1981-2010 for Barley with an Available water content of 200 mm/m (under irrigation conditions) and low input level using climate data source CRUTS32 based on Historical,1981-2010,CRUTS32,Historical,Barley,Available water content of 200 mm/m (under irrigation conditions),Low,mm,Growth Cycle Attributes - Precipitation, https://s3.eu-west-1.amazonaws.com/data.gaezdev.aws.fao.org/res02/CRUTS32/Hist/8110L/barl200a_eta.tif,277375,Irrigation,BRL
barl200b_eta,\res02\CRUTS32\Hist\8110L\barl200b_eta.tif,Growth Cycle Attributes,Crop-specific actual evapotranspiration (mm),Crop-specific actual evapotranspiration (mm) for the time period 1981-2010 for Barley with an Available water content of 200 mm/m (under rain-fed conditions) and low input level using climate data source CRUTS32 based on Historical,1981-2010,CRUTS32,Historical,Barley,Available water content of 200 mm/m (under rain-fed conditions),Low,mm,Growth Cycle Attributes - Precipitation, https://s3.eu-west-1.amazonaws.com/data.gaezdev.aws.fao.org/res02/CRUTS32/Hist/8110L/barl200b_eta.tif,282821,Rain-fed,BRL
bckw200a_eta,\res02\CRUTS32\Hist\8110L\bckw200a_eta.tif,Growth Cycle Attributes,Crop-specific actual evapotranspiration (mm),Crop-specific actual evapotranspiration (mm) for the time period 1981-2010 for Buckwheat with an Available water content of 200 mm/m (under irrigation conditions) and low input level using climate data source CRUTS32 based on Historical,1981-2010,CRUTS32,Historical,Buckwheat,Available water content of 200 mm/m (under irrigation conditions),Low,mm,Growth Cycle Attributes - Precipitation, https://s3.eu-west-1.amazonaws.com/data.gaezdev.aws.fao.org/res02/CRUTS32/Hist/8110L/bckw200a_eta.tif,279040,Irrigation,BUC
bckw200b_eta,\res02\CRUTS32\Hist\8110L\bckw200b_eta.tif,Growth Cycle Attributes,Crop-specific actual evapotranspiration (mm),Crop-specific actual evapotranspiration (mm) for the time period 1981-2010 for Buckwheat with an Available water content of 200 mm/m (under rain-fed conditions) and low input level using climate data source CRUTS32 based on Historical,1981-2010,CRUTS32,Historical,Buckwheat,Available water content of 200 mm/m (under rain-fed conditions),Low,mm,Growth Cycle Attributes - Precipitation, https://s3.eu-west-1.amazonaws.com/data.gaezdev.aws.fao.org/res02/CRUTS32/Hist/8110L/bckw200b_eta.tif,279498,Rain-fed,BUC
bean200a_eta,\res02\CRUTS32\Hist\8110L\bean200a_eta.tif,Growth Cycle Attributes,Crop-specific actual evapotranspiration (mm),Crop-specific actual evapotranspiration (mm) for the time period 1981-2010 for Phaseolus bean with an Available water content of 200 mm/m (under irrigation conditions) and low input level using climate data source CRUTS32 based on Historical,1981-2010,CRUTS32,Historical,Phaseolus bean,Available water content of 200 mm/m (under irrigation conditions),Low,mm,Growth Cycle Attributes - Precipitation, https://s3.eu-west-1.amazonaws.com/data.gaezdev.aws.fao.org/res02/CRUTS32/Hist/8110L/bean200a_eta.tif,279046,Irrigation,BEA
bean200b_eta,\res02\CRUTS32\Hist\8110L\bean200b_eta.tif,Growth Cycle Attributes,Crop-specific actual evapotranspiration (mm),Crop-specific actual evapotranspiration (mm) for the time period 1981-2010 for Phaseolus bean with an Available water content of 200 mm/m (under rain-fed conditions) and low input level using climate data source CRUTS32 based on Historical,1981-2010,CRUTS32,Historical,Phaseolus bean,Available water content of 200 mm/m (under rain-fed conditions),Low,mm,Growth Cycle Attributes - Precipitation, https://s3.eu-west-1.amazonaws.com/data.gaezdev.aws.fao.org/res02/CRUTS32/Hist/8110L/bean200b_eta.tif,278097,Rain-fed,BEA
bhsg200a_eta,\res02\CRUTS32\Hist\8110L\bhsg200a_eta.tif,Growth Cycle Attributes,Crop-specific actual evapotranspiration (mm),Crop-specific actual evapotranspiration (mm) for the time period 1981-2010 for Biomass highland sorghum with an Available water content of 200 mm/m (under irrigation conditions) and low input level using climate data source CRUTS32 based on Historical,1981-2010,CRUTS32,Historical,Biomass highland sorghum,Available water content of 200 mm/m (under irrigation conditions),Low,mm,Growth Cycle Attributes - Precipitation, https://s3.eu-west-1.amazonaws.com/data.gaezdev.aws.fao.org/res02/CRUTS32/Hist/8110L/bhsg200a_eta.tif,278841,Irrigation,Nan
bhsg200b_eta,\res02\CRUTS32\Hist\8110L\bhsg200b_eta.tif,Growth Cycle Attributes,Crop-specific actual evapotranspiration (mm),Crop-specific actual evapotranspiration (mm) for the time period 1981-2010 for Biomass highland sorghum with an Available water content of 200 mm/m (under rain-fed conditions) and low input level using climate data source CRUTS32 based on Historical,1981-2010,CRUTS32,Historical,Biomass highland sorghum,Available water content of 200 mm/m (under rain-fed conditions),Low,mm,Growth Cycle Attributes - Precipitation, https://s3.eu-west-1.amazonaws.com/data.gaezdev.aws.fao.org/res02/CRUTS32/Hist/8110L/bhsg200b_eta.tif,281493,Rain-fed,Nan
blsg200a_eta,\res02\CRUTS32\Hist\8110L\blsg200a_eta.tif,Growth Cycle Attributes,Crop-specific actual evapotranspiration (mm),Crop-specific actual evapotranspiration (mm) for the time period 1981-2010 for Biomass lowland sorghum with an Available water content of 200 mm/m (under irrigation conditions) and low input level using climate data source CRUTS32 based on Historical,1981-2010,CRUTS32,Historical,Biomass lowland sorghum,Available water content of 200 mm/m (under irrigation conditions),Low,mm,Growth Cycle Attributes - Precipitation, https://s3.eu-west-1.amazonaws.com/data.gaezdev.aws.fao.org/res02/CRUTS32/Hist/8110L/blsg200a_eta.tif,282424,Irrigation,Nan
blsg200b_eta,\res02\CRUTS32\Hist\8110L\blsg200b_eta.tif,Growth Cycle Attributes,Crop-specific actual evapotranspiration (mm),Crop-specific actual evapotranspiration (mm) for the time period 1981-2010 for Biomass lowland sorghum with an Available water content of 200 mm/m (under rain-fed conditions) and low input level using climate data source CRUTS32 based on Historical,1981-2010,CRUTS32,Historical,Biomass lowland sorghum,Available water content of 200 mm/m (under rain-fed conditions),Low,mm,Growth Cycle Attributes - Precipitation, https://s3.eu-west-1.amazonaws.com/data.gaezdev.aws.fao.org/res02/CRUTS32/Hist/8110L/blsg200b_eta.tif,277526,Rain-fed,Nan
bsrg200a_eta,\res02\CRUTS32\Hist\8110L\bsrg200a_eta.tif,Growth Cycle Attributes,Crop-specific actual evapotranspiration (mm),Crop-specific actual evapotranspiration (mm) for the time period 1981-2010 for Biomass sorghum with an Available water content of 200 mm/m (under irrigation conditions) and low input level using climate data source CRUTS32 based on Historical,1981-2010,CRUTS32,Historical,Biomass sorghum,Available water content of 200 mm/m (under irrigation conditions),Low,mm,Growth Cycle Attributes - Precipitation, https://s3.eu-west-1.amazonaws.com/data.gaezdev.aws.fao.org/res02/CRUTS32/Hist/8110L/bsrg200a_eta.tif,278212,Irrigation,Nan
bsrg200b_eta,\res02\CRUTS32\Hist\8110L\bsrg200b_eta.tif,Growth Cycle Attributes,Crop-specific actual evapotranspiration (mm),Crop-specific actual evapotranspiration (mm) for the time period 1981-2010 for Biomass sorghum with an Available water content of 200 mm/m (under rain-fed conditions) and low input level using climate data source CRUTS32 based on Historical,1981-2010,CRUTS32,Historical,Biomass sorghum,Available water content of 200 mm/m (under rain-fed conditions),Low,mm,Growth Cycle Attributes - Precipitation, https://s3.eu-west-1.amazonaws.com/data.gaezdev.aws.fao.org/res02/CRUTS32/Hist/8110L/bsrg200b_eta.tif,278909,Rain-fed,Nan
btsg200a_eta,\res02\CRUTS32\Hist\8110L\btsg200a_eta.tif,Growth Cycle Attributes,Crop-specific actual evapotranspiration (mm),Crop-specific actual evapotranspiration (mm) for the time period 1981-2010 for Biomass temperate sorghum with an Available water content of 200 mm/m (under irrigation conditions) and low input level using climate data source CRUTS32 based on Historical,1981-2010,CRUTS32,Historical,Biomass temperate sorghum,Available water content of 200 mm/m (under irrigation conditions),Low,mm,Growth Cycle Attributes - Precipitation, https://s3.eu-west-1.amazonaws.com/data.gaezdev.aws.fao.org/res02/CRUTS32/Hist/8110L/btsg200a_eta.tif,279862,Irrigation,Nan
btsg200b_eta,\res02\CRUTS32\Hist\8110L\btsg200b_eta.tif,Growth Cycle Attributes,Crop-specific actual evapotranspiration (mm),Crop-specific actual evapotranspiration (mm) for the time period 1981-2010 for Biomass temperate sorghum with an Available water content of 200 mm/m (under rain-fed conditions) and low input level using climate data source CRUTS32 based on Historical,1981-2010,CRUTS32,Historical,Biomass temperate sorghum,Available water content of 200 mm/m (under rain-fed conditions),Low,mm,Growth Cycle Attributes - Precipitation, https://s3.eu-west-1.amazonaws.com/data.gaezdev.aws.fao.org/res02/CRUTS32/Hist/8110L/btsg200b_eta.tif,282537,Rain-fed,Nan
cabb200a_eta,\res02\CRUTS32\Hist\8110L\cabb200a_eta.tif,Growth Cycle Attributes,Crop-specific actual evapotranspiration (mm),Crop-specific actual evapotranspiration (mm) for the time period 1981-2010 for Cabbage with an Available water content of 200 mm/m (under irrigation conditions) and low input level using climate data source CRUTS32 based on Historical,1981-2010,CRUTS32,Historical,Cabbage,Available water content of 200 mm/m (under irrigation conditions),Low,mm,Growth Cycle Attributes - Precipitation, https://s3.eu-west-1.amazonaws.com/data.gaezdev.aws.fao.org/res02/CRUTS32/Hist/8110L/cabb200a_eta.tif,280386,Irrigation,CAB
cabb200b_eta,\res02\CRUTS32\Hist\8110L\cabb200b_eta.tif,Growth Cycle Attributes,Crop-specific actual evapotranspiration (mm),Crop-specific actual evapotranspiration (mm) for the time period 1981-2010 for Cabbage with an Available water content of 200 mm/m (under rain-fed conditions) and low input level using climate data source CRUTS32 based on Historical,1981-2010,CRUTS32,Historical,Cabbage,Available water content of 200 mm/m (under rain-fed conditions),Low,mm,Growth Cycle Attributes - Precipitation, https://s3.eu-west-1.amazonaws.com/data.gaezdev.aws.fao.org/res02/CRUTS32/Hist/8110L/cabb200b_eta.tif,280912,Rain-fed,CAB
carr200a_eta,\res02\CRUTS32\Hist\8110L\carr200a_eta.tif,Growth Cycle Attributes,Crop-specific actual evapotranspiration (mm),Crop-specific actual evapotranspiration (mm) for the time period 1981-2010 for Carrot with an Available water content of 200 mm/m (under irrigation conditions) and low input level using climate data source CRUTS32 based on Historical,1981-2010,CRUTS32,Historical,Carrot,Available water content of 200 mm/m (under irrigation conditions),Low,mm,Growth Cycle Attributes - Precipitation, https://s3.eu-west-1.amazonaws.com/data.gaezdev.aws.fao.org/res02/CRUTS32/Hist/8110L/carr200a_eta.tif,280594,Irrigation,CAR
carr200b_eta,\res02\CRUTS32\Hist\8110L\carr200b_eta.tif,Growth Cycle Attributes,Crop-specific actual evapotranspiration (mm),Crop-specific actual evapotranspiration (mm) for the time period 1981-2010 for Carrot with an Available water content of 200 mm/m (under rain-fed conditions) and low input level using climate data source CRUTS32 based on Historical,1981-2010,CRUTS32,Historical,Carrot,Available water content of 200 mm/m (under rain-fed conditions),Low,mm,Growth Cycle Attributes - Precipitation, https://s3.eu-west-1.amazonaws.com/data.gaezdev.aws.fao.org/res02/CRUTS32/Hist/8110L/carr200b_eta.tif,279536,Rain-fed,CAR
casv200a_eta,\res02\CRUTS32\Hist\8110L\casv200a_eta.tif,Growth Cycle Attributes,Crop-specific actual evapotranspiration (mm),Crop-specific actual evapotranspiration (mm) for the time period 1981-2010 for Cassava with an Available water content of 200 mm/m (under irrigation conditions) and low input level using climate data source CRUTS32 based on Historical,1981-2010,CRUTS32,Historical,Cassava,Available water content of 200 mm/m (under irrigation conditions),Low,mm,Growth Cycle Attributes - Precipitation, https://s3.eu-west-1.amazonaws.com/data.gaezdev.aws.fao.org/res02/CRUTS32/Hist/8110L/casv200a_eta.tif,279063,Irrigation,CAS
casv200b_eta,\res02\CRUTS32\Hist\8110L\casv200b_eta.tif,Growth Cycle Attributes,Crop-specific actual evapotranspiration (mm),Crop-specific actual evapotranspiration (mm) for the time period 1981-2010 for Cassava with an Available water content of 200 mm/m (under rain-fed conditions) and low input level using climate data source CRUTS32 based on Historical,1981-2010,CRUTS32,Historical,Cassava,Available water content of 200 mm/m (under rain-fed conditions),Low,mm,Growth Cycle Attributes - Precipitation, https://s3.eu-west-1.amazonaws.com/data.gaezdev.aws.fao.org/res02/CRUTS32/Hist/8110L/casv200b_eta.tif,278261,Rain-fed,CAS
chck200a_eta,\res02\CRUTS32\Hist\8110L\chck200a_eta.tif,Growth Cycle Attributes,Crop-specific actual evapotranspiration (mm),Crop-specific actual evapotranspiration (mm) for the time period 1981-2010 for Chickpea with an Available water content of 200 mm/m (under irrigation conditions) and low input level using climate data source CRUTS32 based on Historical,1981-2010,CRUTS32,Historical,Chickpea,Available water content of 200 mm/m (under irrigation conditions),Low,mm,Growth Cycle Attributes - Precipitation, https://s3.eu-west-1.amazonaws.com/data.gaezdev.aws.fao.org/res02/CRUTS32/Hist/8110L/chck200a_eta.tif,281691,Irrigation,CHI
chck200b_eta,\res02\CRUTS32\Hist\8110L\chck200b_eta.tif,Growth Cycle Attributes,Crop-specific actual evapotranspiration (mm),Crop-specific actual evapotranspiration (mm) for the time period 1981-2010 for Chickpea with an Available water content of 200 mm/m (under rain-fed conditions) and low input level using climate data source CRUTS32 based on Historical,1981-2010,CRUTS32,Historical,Chickpea,Available water content of 200 mm/m (under rain-fed conditions),Low,mm,Growth Cycle Attributes - Precipitation, https://s3.eu-west-1.amazonaws.com/data.gaezdev.aws.fao.org/res02/CRUTS32/Hist/8110L/chck200b_eta.tif,282849,Rain-fed,CHI
citr200a_eta,\res02\CRUTS32\Hist\8110L\citr200a_eta.tif,Growth Cycle Attributes,Crop-specific actual evapotranspiration (mm),Crop-specific actual evapotranspiration (mm) for the time period 1981-2010 for Citrus with an Available water content of 200 mm/m (under irrigation conditions) and low input level using climate data source CRUTS32 based on Historical,1981-2010,CRUTS32,Historical,Citrus,Available water content of 200 mm/m (under irrigation conditions),Low,mm,Growth Cycle Attributes - Precipitation, https://s3.eu-west-1.amazonaws.com/data.gaezdev.aws.fao.org/res02/CRUTS32/Hist/8110L/citr200a_eta.tif,280703,Irrigation,CIT
citr200b_eta,\res02\CRUTS32\Hist\8110L\citr200b_eta.tif,Growth Cycle Attributes,Crop-specific actual evapotranspiration (mm),Crop-specific actual evapotranspiration (mm) for the time period 1981-2010 for Citrus with an Available water content of 200 mm/m (under rain-fed conditions) and low input level using climate data source CRUTS32 based on Historical,1981-2010,CRUTS32,Historical,Citrus,Available water content of 200 mm/m (under rain-fed conditions),Low,mm,Growth Cycle Attributes - Precipitation, https://s3.eu-west-1.amazonaws.com/data.gaezdev.aws.fao.org/res02/CRUTS32/Hist/8110L/citr200b_eta.tif,277412,Rain-fed,CIT
cocc200a_eta,\res02\CRUTS32\Hist\8110L\cocc200a_eta.tif,Growth Cycle Attributes,Crop-specific actual evapotranspiration (mm),Crop-specific actual evapotranspiration (mm) for the time period 1981-2010 for Cocoa cumoun with an Available water content of 200 mm/m (under irrigation conditions) and low input level using climate data source CRUTS32 based on Historical,1981-2010,CRUTS32,Historical,Cocoa cumoun,Available water content of 200 mm/m (under irrigation conditions),Low,mm,Growth Cycle Attributes - Precipitation, https://s3.eu-west-1.amazonaws.com/data.gaezdev.aws.fao.org/res02/CRUTS32/Hist/8110L/cocc200a_eta.tif,280059,Irrigation,Nan
cocc200b_eta,\res02\CRUTS32\Hist\8110L\cocc200b_eta.tif,Growth Cycle Attributes,Crop-specific actual evapotranspiration (mm),Crop-specific actual evapotranspiration (mm) for the time period 1981-2010 for Cocoa cumoun with an Available water content of 200 mm/m (under rain-fed conditions) and low input level using climate data source CRUTS32 based on Historical,1981-2010,CRUTS32,Historical,Cocoa cumoun,Available water content of 200 mm/m (under rain-fed conditions),Low,mm,Growth Cycle Attributes - Precipitation, https://s3.eu-west-1.amazonaws.com/data.gaezdev.aws.fao.org/res02/CRUTS32/Hist/8110L/cocc200b_eta.tif,282900,Rain-fed,Nan
coch200a_eta,\res02\CRUTS32\Hist\8110L\coch200a_eta.tif,Growth Cycle Attributes,Crop-specific actual evapotranspiration (mm),Crop-specific actual evapotranspiration (mm) for the time period 1981-2010 for Cocoa hybrid with an Available water content of 200 mm/m (under irrigation conditions) and low input level using climate data source CRUTS32 based on Historical,1981-2010,CRUTS32,Historical,Cocoa hybrid,Available water content of 200 mm/m (under irrigation conditions),Low,mm,Growth Cycle Attributes - Precipitation, https://s3.eu-west-1.amazonaws.com/data.gaezdev.aws.fao.org/res02/CRUTS32/Hist/8110L/coch200a_eta.tif,280163,Irrigation,Nan
coch200b_eta,\res02\CRUTS32\Hist\8110L\coch200b_eta.tif,Growth Cycle Attributes,Crop-specific actual evapotranspiration (mm),Crop-specific actual evapotranspiration (mm) for the time period 1981-2010 for Cocoa hybrid with an Available water content of 200 mm/m (under rain-fed conditions) and low input level using climate data source CRUTS32 based on Historical,1981-2010,CRUTS32,Historical,Cocoa hybrid,Available water content of 200 mm/m (under rain-fed conditions),Low,mm,Growth Cycle Attributes - Precipitation, https://s3.eu-west-1.amazonaws.com/data.gaezdev.aws.fao.org/res02/CRUTS32/Hist/8110L/coch200b_eta.tif,281341,Rain-fed,Nan
cocn200a_eta,\res02\CRUTS32\Hist\8110L\cocn200a_eta.tif,Growth Cycle Attributes,Crop-specific actual evapotranspiration (mm),Crop-specific actual evapotranspiration (mm) for the time period 1981-2010 for Coconut with an Available water content of 200 mm/m (under irrigation conditions) and low input level using climate data source CRUTS32 based on Historical,1981-2010,CRUTS32,Historical,Coconut,Available water content of 200 mm/m (under irrigation conditions),Low,mm,Growth Cycle Attributes - Precipitation, https://s3.eu-west-1.amazonaws.com/data.gaezdev.aws.fao.org/res02/CRUTS32/Hist/8110L/cocn200a_eta.tif,279261,Irrigation,CON
cocn200b_eta,\res02\CRUTS32\Hist\8110L\cocn200b_eta.tif,Growth Cycle Attributes,Crop-specific actual evapotranspiration (mm),Crop-specific actual evapotranspiration (mm) for the time period 1981-2010 for Coconut with an Available water content of 200 mm/m (under rain-fed conditions) and low input level using climate data source CRUTS32 based on Historical,1981-2010,CRUTS32,Historical,Coconut,Available water content of 200 mm/m (under rain-fed conditions),Low,mm,Growth Cycle Attributes - Precipitation, https://s3.eu-west-1.amazonaws.com/data.gaezdev.aws.fao.org/res02/CRUTS32/Hist/8110L/cocn200b_eta.tif,279860,Rain-fed,CON
coco200a_eta,\res02\CRUTS32\Hist\8110L\coco200a_eta.tif,Growth Cycle Attributes,Crop-specific actual evapotranspiration (mm),Crop-specific actual evapotranspiration (mm) for the time period 1981-2010 for Cocoa with an Available water content of 200 mm/m (under irrigation conditions) and low input level using climate data source CRUTS32 based on Historical,1981-2010,CRUTS32,Historical,Cocoa,Available water content of 200 mm/m (under irrigation conditions),Low,mm,Growth Cycle Attributes - Precipitation, https://s3.eu-west-1.amazonaws.com/data.gaezdev.aws.fao.org/res02/CRUTS32/Hist/8110L/coco200a_eta.tif,278418,Irrigation,COC
coco200b_eta,\res02\CRUTS32\Hist\8110L\coco200b_eta.tif,Growth Cycle Attributes,Crop-specific actual evapotranspiration (mm),Crop-specific actual evapotranspiration (mm) for the time period 1981-2010 for Cocoa with an Available water content of 200 mm/m (under rain-fed conditions) and low input level using climate data source CRUTS32 based on Historical,1981-2010,CRUTS32,Historical,Cocoa,Available water content of 200 mm/m (under rain-fed conditions),Low,mm,Growth Cycle Attributes - Precipitation, https://s3.eu-west-1.amazonaws.com/data.gaezdev.aws.fao.org/res02/CRUTS32/Hist/8110L/coco200b_eta.tif,280334,Rain-fed,COC
cofa200a_eta,\res02\CRUTS32\Hist\8110L\cofa200a_eta.tif,Growth Cycle Attributes,Crop-specific actual evapotranspiration (mm),Crop-specific actual evapotranspiration (mm) for the time period 1981-2010 for Coffee arabica with an Available water content of 200 mm/m (under irrigation conditions) and low input level using climate data source CRUTS32 based on Historical,1981-2010,CRUTS32,Historical,Coffee arabica,Available water content of 200 mm/m (under irrigation conditions),Low,mm,Growth Cycle Attributes - Precipitation, https://s3.eu-west-1.amazonaws.com/data.gaezdev.aws.fao.org/res02/CRUTS32/Hist/8110L/cofa200a_eta.tif,282290,Irrigation,Nan
cofa200b_eta,\res02\CRUTS32\Hist\8110L\cofa200b_eta.tif,Growth Cycle Attributes,Crop-specific actual evapotranspiration (mm),Crop-specific actual evapotranspiration (mm) for the time period 1981-2010 for Coffee arabica with an Available water content of 200 mm/m (under rain-fed conditions) and low input level using climate data source CRUTS32 based on Historical,1981-2010,CRUTS32,Historical,Coffee arabica,Available water content of 200 mm/m (under rain-fed conditions),Low,mm,Growth Cycle Attributes - Precipitation, https://s3.eu-west-1.amazonaws.com/data.gaezdev.aws.fao.org/res02/CRUTS32/Hist/8110L/cofa200b_eta.tif,279904,Rain-fed,Nan
coff200a_eta,\res02\CRUTS32\Hist\8110L\coff200a_eta.tif,Growth Cycle Attributes,Crop-specific actual evapotranspiration (mm),Crop-specific actual evapotranspiration (mm) for the time period 1981-2010 for Coffee with an Available water content of 200 mm/m (under irrigation conditions) and low input level using climate data source CRUTS32 based on Historical,1981-2010,CRUTS32,Historical,Coffee,Available water content of 200 mm/m (under irrigation conditions),Low,mm,Growth Cycle Attributes - Precipitation, https://s3.eu-west-1.amazonaws.com/data.gaezdev.aws.fao.org/res02/CRUTS32/Hist/8110L/coff200a_eta.tif,282516,Irrigation,COF
coff200b_eta,\res02\CRUTS32\Hist\8110L\coff200b_eta.tif,Growth Cycle Attributes,Crop-specific actual evapotranspiration (mm),Crop-specific actual evapotranspiration (mm) for the time period 1981-2010 for Coffee with an Available water content of 200 mm/m (under rain-fed conditions) and low input level using climate data source CRUTS32 based on Historical,1981-2010,CRUTS32,Historical,Coffee,Available water content of 200 mm/m (under rain-fed conditions),Low,mm,Growth Cycle Attributes - Precipitation, https://s3.eu-west-1.amazonaws.com/data.gaezdev.aws.fao.org/res02/CRUTS32/Hist/8110L/coff200b_eta.tif,280363,Rain-fed,COF
cofr200a_eta,\res02\CRUTS32\Hist\8110L\cofr200a_eta.tif,Growth Cycle Attributes,Crop-specific actual evapotranspiration (mm),Crop-specific actual evapotranspiration (mm) for the time period 1981-2010 for Coffee robusta with an Available water content of 200 mm/m (under irrigation conditions) and low input level using climate data source CRUTS32 based on Historical,1981-2010,CRUTS32,Historical,Coffee robusta,Available water content of 200 mm/m (under irrigation conditions),Low,mm,Growth Cycle Attributes - Precipitation, https://s3.eu-west-1.amazonaws.com/data.gaezdev.aws.fao.org/res02/CRUTS32/Hist/8110L/cofr200a_eta.tif,279004,Irrigation,Nan
cofr200b_eta,\res02\CRUTS32\Hist\8110L\cofr200b_eta.tif,Growth Cycle Attributes,Crop-specific actual evapotranspiration (mm),Crop-specific actual evapotranspiration (mm) for the time period 1981-2010 for Coffee robusta with an Available water content of 200 mm/m (under rain-fed conditions) and low input level using climate data source CRUTS32 based on Historical,1981-2010,CRUTS32,Historical,Coffee robusta,Available water content of 200 mm/m (under rain-fed conditions),Low,mm,Growth Cycle Attributes - Precipitation, https://s3.eu-west-1.amazonaws.com/data.gaezdev.aws.fao.org/res02/CRUTS32/Hist/8110L/cofr200b_eta.tif,278919,Rain-fed,Nan
cott200a_eta,\res02\CRUTS32\Hist\8110L\cott200a_eta.tif,Growth Cycle Attributes,Crop-specific actual evapotranspiration (mm),Crop-specific actual evapotranspiration (mm) for the time period 1981-2010 for Cotton with an Available water content of 200 mm/m (under irrigation conditions) and low input level using climate data source CRUTS32 based on Historical,1981-2010,CRUTS32,Historical,Cotton,Available water content of 200 mm/m (under irrigation conditions),Low,mm,Growth Cycle Attributes - Precipitation, https://s3.eu-west-1.amazonaws.com/data.gaezdev.aws.fao.org/res02/CRUTS32/Hist/8110L/cott200a_eta.tif,282318,Irrigation,COT
cott200b_eta,\res02\CRUTS32\Hist\8110L\cott200b_eta.tif,Growth Cycle Attributes,Crop-specific actual evapotranspiration (mm),Crop-specific actual evapotranspiration (mm) for the time period 1981-2010 for Cotton with an Available water content of 200 mm/m (under rain-fed conditions) and low input level using climate data source CRUTS32 based on Historical,1981-2010,CRUTS32,Historical,Cotton,Available water content of 200 mm/m (under rain-fed conditions),Low,mm,Growth Cycle Attributes - Precipitation, https://s3.eu-west-1.amazonaws.com/data.gaezdev.aws.fao.org/res02/CRUTS32/Hist/8110L/cott200b_eta.tif,279707,Rain-fed,COT
cowp200a_eta,\res02\CRUTS32\Hist\8110L\cowp200a_eta.tif,Growth Cycle Attributes,Crop-specific actual evapotranspiration (mm),Crop-specific actual evapotranspiration (mm) for the time period 1981-2010 for Cowpea with an Available water content of 200 mm/m (under irrigation conditions) and low input level using climate data source CRUTS32 based on Historical,1981-2010,CRUTS32,Historical,Cowpea,Available water content of 200 mm/m (under irrigation conditions),Low,mm,Growth Cycle Attributes - Precipitation, https://s3.eu-west-1.amazonaws.com/data.gaezdev.aws.fao.org/res02/CRUTS32/Hist/8110L/cowp200a_eta.tif,277274,Irrigation,COW
cowp200b_eta,\res02\CRUTS32\Hist\8110L\cowp200b_eta.tif,Growth Cycle Attributes,Crop-specific actual evapotranspiration (mm),Crop-specific actual evapotranspiration (mm) for the time period 1981-2010 for Cowpea with an Available water content of 200 mm/m (under rain-fed conditions) and low input level using climate data source CRUTS32 based on Historical,1981-2010,CRUTS32,Historical,Cowpea,Available water content of 200 mm/m (under rain-fed conditions),Low,mm,Growth Cycle Attributes - Precipitation, https://s3.eu-west-1.amazonaws.com/data.gaezdev.aws.fao.org/res02/CRUTS32/Hist/8110L/cowp200b_eta.tif,280638,Rain-fed,COW
cyam200a_eta,\res02\CRUTS32\Hist\8110L\cyam200a_eta.tif,Growth Cycle Attributes,Crop-specific actual evapotranspiration (mm),Crop-specific actual evapotranspiration (mm) for the time period 1981-2010 for Cocoyam with an Available water content of 200 mm/m (under irrigation conditions) and low input level using climate data source CRUTS32 based on Historical,1981-2010,CRUTS32,Historical,Cocoyam,Available water content of 200 mm/m (under irrigation conditions),Low,mm,Growth Cycle Attributes - Precipitation, https://s3.eu-west-1.amazonaws.com/data.gaezdev.aws.fao.org/res02/CRUTS32/Hist/8110L/cyam200a_eta.tif,279804,Irrigation,Nan
cyam200b_eta,\res02\CRUTS32\Hist\8110L\cyam200b_eta.tif,Growth Cycle Attributes,Crop-specific actual evapotranspiration (mm),Crop-specific actual evapotranspiration (mm) for the time period 1981-2010 for Cocoyam with an Available water content of 200 mm/m (under rain-fed conditions) and low input level using climate data source CRUTS32 based on Historical,1981-2010,CRUTS32,Historical,Cocoyam,Available water content of 200 mm/m (under rain-fed conditions),Low,mm,Growth Cycle Attributes - Precipitation, https://s3.eu-west-1.amazonaws.com/data.gaezdev.aws.fao.org/res02/CRUTS32/Hist/8110L/cyam200b_eta.tif,280542,Rain-fed,Nan
dpea200a_eta,\res02\CRUTS32\Hist\8110L\dpea200a_eta.tif,Growth Cycle Attributes,Crop-specific actual evapotranspiration (mm),Crop-specific actual evapotranspiration (mm) for the time period 1981-2010 for Dry pea with an Available water content of 200 mm/m (under irrigation conditions) and low input level using climate data source CRUTS32 based on Historical,1981-2010,CRUTS32,Historical,Dry pea,Available water content of 200 mm/m (under irrigation conditions),Low,mm,Growth Cycle Attributes - Precipitation, https://s3.eu-west-1.amazonaws.com/data.gaezdev.aws.fao.org/res02/CRUTS32/Hist/8110L/dpea200a_eta.tif,279995,Irrigation,PEA
dpea200b_eta,\res02\CRUTS32\Hist\8110L\dpea200b_eta.tif,Growth Cycle Attributes,Crop-specific actual evapotranspiration (mm),Crop-specific actual evapotranspiration (mm) for the time period 1981-2010 for Dry pea with an Available water content of 200 mm/m (under rain-fed conditions) and low input level using climate data source CRUTS32 based on Historical,1981-2010,CRUTS32,Historical,Dry pea,Available water content of 200 mm/m (under rain-fed conditions),Low,mm,Growth Cycle Attributes - Precipitation, https://s3.eu-west-1.amazonaws.com/data.gaezdev.aws.fao.org/res02/CRUTS32/Hist/8110L/dpea200b_eta.tif,279868,Rain-fed,PEA
flax200a_eta,\res02\CRUTS32\Hist\8110L\flax200a_eta.tif,Growth Cycle Attributes,Crop-specific actual evapotranspiration (mm),Crop-specific actual evapotranspiration (mm) for the time period 1981-2010 for Flax with an Available water content of 200 mm/m (under irrigation conditions) and low input level using climate data source CRUTS32 based on Historical,1981-2010,CRUTS32,Historical,Flax,Available water content of 200 mm/m (under irrigation conditions),Low,mm,Growth Cycle Attributes - Precipitation, https://s3.eu-west-1.amazonaws.com/data.gaezdev.aws.fao.org/res02/CRUTS32/Hist/8110L/flax200a_eta.tif,279346,Irrigation,FLA
flax200b_eta,\res02\CRUTS32\Hist\8110L\flax200b_eta.tif,Growth Cycle Attributes,Crop-specific actual evapotranspiration (mm),Crop-specific actual evapotranspiration (mm) for the time period 1981-2010 for Flax with an Available water content of 200 mm/m (under rain-fed conditions) and low input level using climate data source CRUTS32 based on Historical,1981-2010,CRUTS32,Historical,Flax,Available water content of 200 mm/m (under rain-fed conditions),Low,mm,Growth Cycle Attributes - Precipitation, https://s3.eu-west-1.amazonaws.com/data.gaezdev.aws.fao.org/res02/CRUTS32/Hist/8110L/flax200b_eta.tif,280029,Rain-fed,FLA
fmlt200a_eta,\res02\CRUTS32\Hist\8110L\fmlt200a_eta.tif,Growth Cycle Attributes,Crop-specific actual evapotranspiration (mm),Crop-specific actual evapotranspiration (mm) for the time period 1981-2010 for Foxtail millet with an Available water content of 200 mm/m (under irrigation conditions) and low input level using climate data source CRUTS32 based on Historical,1981-2010,CRUTS32,Historical,Foxtail millet,Available water content of 200 mm/m (under irrigation conditions),Low,mm,Growth Cycle Attributes - Precipitation, https://s3.eu-west-1.amazonaws.com/data.gaezdev.aws.fao.org/res02/CRUTS32/Hist/8110L/fmlt200a_eta.tif,278966,Irrigation,MTF
fmlt200b_eta,\res02\CRUTS32\Hist\8110L\fmlt200b_eta.tif,Growth Cycle Attributes,Crop-specific actual evapotranspiration (mm),Crop-specific actual evapotranspiration (mm) for the time period 1981-2010 for Foxtail millet with an Available water content of 200 mm/m (under rain-fed conditions) and low input level using climate data source CRUTS32 based on Historical,1981-2010,CRUTS32,Historical,Foxtail millet,Available water content of 200 mm/m (under rain-fed conditions),Low,mm,Growth Cycle Attributes - Precipitation, https://s3.eu-west-1.amazonaws.com/data.gaezdev.aws.fao.org/res02/CRUTS32/Hist/8110L/fmlt200b_eta.tif,277449,Rain-fed,MTF
gram200a_eta,\res02\CRUTS32\Hist\8110L\gram200a_eta.tif,Growth Cycle Attributes,Crop-specific actual evapotranspiration (mm),Crop-specific actual evapotranspiration (mm) for the time period 1981-2010 for Gram with an Available water content of 200 mm/m (under irrigation conditions) and low input level using climate data source CRUTS32 based on Historical,1981-2010,CRUTS32,Historical,Gram,Available water content of 200 mm/m (under irrigation conditions),Low,mm,Growth Cycle Attributes - Precipitation, https://s3.eu-west-1.amazonaws.com/data.gaezdev.aws.fao.org/res02/CRUTS32/Hist/8110L/gram200a_eta.tif,282008,Irrigation,GRM
gram200b_eta,\res02\CRUTS32\Hist\8110L\gram200b_eta.tif,Growth Cycle Attributes,Crop-specific actual evapotranspiration (mm),Crop-specific actual evapotranspiration (mm) for the time period 1981-2010 for Gram with an Available water content of 200 mm/m (under rain-fed conditions) and low input level using climate data source CRUTS32 based on Historical,1981-2010,CRUTS32,Historical,Gram,Available water content of 200 mm/m (under rain-fed conditions),Low,mm,Growth Cycle Attributes - Precipitation, https://s3.eu-west-1.amazonaws.com/data.gaezdev.aws.fao.org/res02/CRUTS32/Hist/8110L/gram200b_eta.tif,280101,Rain-fed,GRM
gras200a_eta,\res02\CRUTS32\Hist\8110L\gras200a_eta.tif,Growth Cycle Attributes,Crop-specific actual evapotranspiration (mm),Crop-specific actual evapotranspiration (mm) for the time period 1981-2010 for Grass with an Available water content of 200 mm/m (under irrigation conditions) and low input level using climate data source CRUTS32 based on Historical,1981-2010,CRUTS32,Historical,Grass,Available water content of 200 mm/m (under irrigation conditions),Low,mm,Growth Cycle Attributes - Precipitation, https://s3.eu-west-1.amazonaws.com/data.gaezdev.aws.fao.org/res02/CRUTS32/Hist/8110L/gras200a_eta.tif,281528,Irrigation,Nan
gras200b_eta,\res02\CRUTS32\Hist\8110L\gras200b_eta.tif,Growth Cycle Attributes,Crop-specific actual evapotranspiration (mm),Crop-specific actual evapotranspiration (mm) for the time period 1981-2010 for Grass with an Available water content of 200 mm/m (under rain-fed conditions) and low input level using climate data source CRUTS32 based on Historical,1981-2010,CRUTS32,Historical,Grass,Available water content of 200 mm/m (under rain-fed conditions),Low,mm,Growth Cycle Attributes - Precipitation, https://s3.eu-west-1.amazonaws.com/data.gaezdev.aws.fao.org/res02/CRUTS32/Hist/8110L/gras200b_eta.tif,277805,Rain-fed,Nan
grlg200a_eta,\res02\CRUTS32\Hist\8110L\grlg200a_eta.tif,Growth Cycle Attributes,Crop-specific actual evapotranspiration (mm),Crop-specific actual evapotranspiration (mm) for the time period 1981-2010 for Pasture legumes with an Available water content of 200 mm/m (under irrigation conditions) and low input level using climate data source CRUTS32 based on Historical,1981-2010,CRUTS32,Historical,Pasture legumes,Available water content of 200 mm/m (under irrigation conditions),Low,mm,Growth Cycle Attributes - Precipitation, https://s3.eu-west-1.amazonaws.com/data.gaezdev.aws.fao.org/res02/CRUTS32/Hist/8110L/grlg200a_eta.tif,281578,Irrigation,Nan
grlg200b_eta,\res02\CRUTS32\Hist\8110L\grlg200b_eta.tif,Growth Cycle Attributes,Crop-specific actual evapotranspiration (mm),Crop-specific actual evapotranspiration (mm) for the time period 1981-2010 for Pasture legumes with an Available water content of 200 mm/m (under rain-fed conditions) and low input level using climate data source CRUTS32 based on Historical,1981-2010,CRUTS32,Historical,Pasture legumes,Available water content of 200 mm/m (under rain-fed conditions),Low,mm,Growth Cycle Attributes - Precipitation, https://s3.eu-west-1.amazonaws.com/data.gaezdev.aws.fao.org/res02/CRUTS32/Hist/8110L/grlg200b_eta.tif,282105,Rain-fed,Nan
grnd200a_eta,\res02\CRUTS32\Hist\8110L\grnd200a_eta.tif,Growth Cycle Attributes,Crop-specific actual evapotranspiration (mm),Crop-specific actual evapotranspiration (mm) for the time period 1981-2010 for Groundnut with an Available water content of 200 mm/m (under irrigation conditions) and low input level using climate data source CRUTS32 based on Historical,1981-2010,CRUTS32,Historical,Groundnut,Available water content of 200 mm/m (under irrigation conditions),Low,mm,Growth Cycle Attributes - Precipitation, https://s3.eu-west-1.amazonaws.com/data.gaezdev.aws.fao.org/res02/CRUTS32/Hist/8110L/grnd200a_eta.tif,278294,Irrigation,GRO
grnd200b_eta,\res02\CRUTS32\Hist\8110L\grnd200b_eta.tif,Growth Cycle Attributes,Crop-specific actual evapotranspiration (mm),Crop-specific actual evapotranspiration (mm) for the time period 1981-2010 for Groundnut with an Available water content of 200 mm/m (under rain-fed conditions) and low input level using climate data source CRUTS32 based on Historical,1981-2010,CRUTS32,Historical,Groundnut,Available water content of 200 mm/m (under rain-fed conditions),Low,mm,Growth Cycle Attributes - Precipitation, https://s3.eu-west-1.amazonaws.com/data.gaezdev.aws.fao.org/res02/CRUTS32/Hist/8110L/grnd200b_eta.tif,282401,Rain-fed,GRO
gyam200a_eta,\res02\CRUTS32\Hist\8110L\gyam200a_eta.tif,Growth Cycle Attributes,Crop-specific actual evapotranspiration (mm),Crop-specific actual evapotranspiration (mm) for the time period 1981-2010 for Greater yam with an Available water content of 200 mm/m (under irrigation conditions) and low input level using climate data source CRUTS32 based on Historical,1981-2010,CRUTS32,Historical,Greater yam,Available water content of 200 mm/m (under irrigation conditions),Low,mm,Growth Cycle Attributes - Precipitation, https://s3.eu-west-1.amazonaws.com/data.gaezdev.aws.fao.org/res02/CRUTS32/Hist/8110L/gyam200a_eta.tif,279684,Irrigation,Nan
gyam200b_eta,\res02\CRUTS32\Hist\8110L\gyam200b_eta.tif,Growth Cycle Attributes,Crop-specific actual evapotranspiration (mm),Crop-specific actual evapotranspiration (mm) for the time period 1981-2010 for Greater yam with an Available water content of 200 mm/m (under rain-fed conditions) and low input level using climate data source CRUTS32 based on Historical,1981-2010,CRUTS32,Historical,Greater yam,Available water content of 200 mm/m (under rain-fed conditions),Low,mm,Growth Cycle Attributes - Precipitation, https://s3.eu-west-1.amazonaws.com/data.gaezdev.aws.fao.org/res02/CRUTS32/Hist/8110L/gyam200b_eta.tif,278519,Rain-fed,Nan
hmze200a_eta,\res02\CRUTS32\Hist\8110L\hmze200a_eta.tif,Growth Cycle Attributes,Crop-specific actual evapotranspiration (mm),Crop-specific actual evapotranspiration (mm) for the time period 1981-2010 for Highland maize with an Available water content of 200 mm/m (under irrigation conditions) and low input level using climate data source CRUTS32 based on Historical,1981-2010,CRUTS32,Historical,Highland maize,Available water content of 200 mm/m (under irrigation conditions),Low,mm,Growth Cycle Attributes - Precipitation, https://s3.eu-west-1.amazonaws.com/data.gaezdev.aws.fao.org/res02/CRUTS32/Hist/8110L/hmze200a_eta.tif,282062,Irrigation,Nan
hmze200b_eta,\res02\CRUTS32\Hist\8110L\hmze200b_eta.tif,Growth Cycle Attributes,Crop-specific actual evapotranspiration (mm),Crop-specific actual evapotranspiration (mm) for the time period 1981-2010 for Highland maize with an Available water content of 200 mm/m (under rain-fed conditions) and low input level using climate data source CRUTS32 based on Historical,1981-2010,CRUTS32,Historical,Highland maize,Available water content of 200 mm/m (under rain-fed conditions),Low,mm,Growth Cycle Attributes - Precipitation, https://s3.eu-west-1.amazonaws.com/data.gaezdev.aws.fao.org/res02/CRUTS32/Hist/8110L/hmze200b_eta.tif,279339,Rain-fed,Nan
hsrg200a_eta,\res02\CRUTS32\Hist\8110L\hsrg200a_eta.tif,Growth Cycle Attributes,Crop-specific actual evapotranspiration (mm),Crop-specific actual evapotranspiration (mm) for the time period 1981-2010 for Highland sorghum with an Available water content of 200 mm/m (under irrigation conditions) and low input level using climate data source CRUTS32 based on Historical,1981-2010,CRUTS32,Historical,Highland sorghum,Available water content of 200 mm/m (under irrigation conditions),Low,mm,Growth Cycle Attributes - Precipitation, https://s3.eu-west-1.amazonaws.com/data.gaezdev.aws.fao.org/res02/CRUTS32/Hist/8110L/hsrg200a_eta.tif,280630,Irrigation,Nan
hsrg200b_eta,\res02\CRUTS32\Hist\8110L\hsrg200b_eta.tif,Growth Cycle Attributes,Crop-specific actual evapotranspiration (mm),Crop-specific actual evapotranspiration (mm) for the time period 1981-2010 for Highland sorghum with an Available water content of 200 mm/m (under rain-fed conditions) and low input level using climate data source CRUTS32 based on Historical,1981-2010,CRUTS32,Historical,Highland sorghum,Available water content of 200 mm/m (under rain-fed conditions),Low,mm,Growth Cycle Attributes - Precipitation, https://s3.eu-west-1.amazonaws.com/data.gaezdev.aws.fao.org/res02/CRUTS32/Hist/8110L/hsrg200b_eta.tif,279127,Rain-fed,Nan
jatr200a_eta,\res02\CRUTS32\Hist\8110L\jatr200a_eta.tif,Growth Cycle Attributes,Crop-specific actual evapotranspiration (mm),Crop-specific actual evapotranspiration (mm) for the time period 1981-2010 for Jatropha with an Available water content of 200 mm/m (under irrigation conditions) and low input level using climate data source CRUTS32 based on Historical,1981-2010,CRUTS32,Historical,Jatropha,Available water content of 200 mm/m (under irrigation conditions),Low,mm,Growth Cycle Attributes - Precipitation, https://s3.eu-west-1.amazonaws.com/data.gaezdev.aws.fao.org/res02/CRUTS32/Hist/8110L/jatr200a_eta.tif,281268,Irrigation,JAT
jatr200b_eta,\res02\CRUTS32\Hist\8110L\jatr200b_eta.tif,Growth Cycle Attributes,Crop-specific actual evapotranspiration (mm),Crop-specific actual evapotranspiration (mm) for the time period 1981-2010 for Jatropha with an Available water content of 200 mm/m (under rain-fed conditions) and low input level using climate data source CRUTS32 based on Historical,1981-2010,CRUTS32,Historical,Jatropha,Available water content of 200 mm/m (under rain-fed conditions),Low,mm,Growth Cycle Attributes - Precipitation, https://s3.eu-west-1.amazonaws.com/data.gaezdev.aws.fao.org/res02/CRUTS32/Hist/8110L/jatr200b_eta.tif,279064,Rain-fed,JAT
lmze200a_eta,\res02\CRUTS32\Hist\8110L\lmze200a_eta.tif,Growth Cycle Attributes,Crop-specific actual evapotranspiration (mm),Crop-specific actual evapotranspiration (mm) for the time period 1981-2010 for Lowland maize with an Available water content of 200 mm/m (under irrigation conditions) and low input level using climate data source CRUTS32 based on Historical,1981-2010,CRUTS32,Historical,Lowland maize,Available water content of 200 mm/m (under irrigation conditions),Low,mm,Growth Cycle Attributes - Precipitation, https://s3.eu-west-1.amazonaws.com/data.gaezdev.aws.fao.org/res02/CRUTS32/Hist/8110L/lmze200a_eta.tif,280933,Irrigation,Nan
lmze200b_eta,\res02\CRUTS32\Hist\8110L\lmze200b_eta.tif,Growth Cycle Attributes,Crop-specific actual evapotranspiration (mm),Crop-specific actual evapotranspiration (mm) for the time period 1981-2010 for Lowland maize with an Available water content of 200 mm/m (under rain-fed conditions) and low input level using climate data source CRUTS32 based on Historical,1981-2010,CRUTS32,Historical,Lowland maize,Available water content of 200 mm/m (under rain-fed conditions),Low,mm,Growth Cycle Attributes - Precipitation, https://s3.eu-west-1.amazonaws.com/data.gaezdev.aws.fao.org/res02/CRUTS32/Hist/8110L/lmze200b_eta.tif,282866,Rain-fed,Nan
lsrg200a_eta,\res02\CRUTS32\Hist\8110L\lsrg200a_eta.tif,Growth Cycle Attributes,Crop-specific actual evapotranspiration (mm),Crop-specific actual evapotranspiration (mm) for the time period 1981-2010 for Lowland sorghum with an Available water content of 200 mm/m (under irrigation conditions) and low input level using climate data source CRUTS32 based on Historical,1981-2010,CRUTS32,Historical,Lowland sorghum,Available water content of 200 mm/m (under irrigation conditions),Low,mm,Growth Cycle Attributes - Precipitation, https://s3.eu-west-1.amazonaws.com/data.gaezdev.aws.fao.org/res02/CRUTS32/Hist/8110L/lsrg200a_eta.tif,280032,Irrigation,Nan
lsrg200b_eta,\res02\CRUTS32\Hist\8110L\lsrg200b_eta.tif,Growth Cycle Attributes,Crop-specific actual evapotranspiration (mm),Crop-specific actual evapotranspiration (mm) for the time period 1981-2010 for Lowland sorghum with an Available water content of 200 mm/m (under rain-fed conditions) and low input level using climate data source CRUTS32 based on Historical,1981-2010,CRUTS32,Historical,Lowland sorghum,Available water content of 200 mm/m (under rain-fed conditions),Low,mm,Growth Cycle Attributes - Precipitation, https://s3.eu-west-1.amazonaws.com/data.gaezdev.aws.fao.org/res02/CRUTS32/Hist/8110L/lsrg200b_eta.tif,279605,Rain-fed,Nan
maiz200a_eta,\res02\CRUTS32\Hist\8110L\maiz200a_eta.tif,Growth Cycle Attributes,Crop-specific actual evapotranspiration (mm),Crop-specific actual evapotranspiration (mm) for the time period 1981-2010 for Maize with an Available water content of 200 mm/m (under irrigation conditions) and low input level using climate data source CRUTS32 based on Historical,1981-2010,CRUTS32,Historical,Maize,Available water content of 200 mm/m (under irrigation conditions),Low,mm,Growth Cycle Attributes - Precipitation, https://s3.eu-west-1.amazonaws.com/data.gaezdev.aws.fao.org/res02/CRUTS32/Hist/8110L/maiz200a_eta.tif,277049,Irrigation,MZE
maiz200b_eta,\res02\CRUTS32\Hist\8110L\maiz200b_eta.tif,Growth Cycle Attributes,Crop-specific actual evapotranspiration (mm),Crop-specific actual evapotranspiration (mm) for the time period 1981-2010 for Maize with an Available water content of 200 mm/m (under rain-fed conditions) and low input level using climate data source CRUTS32 based on Historical,1981-2010,CRUTS32,Historical,Maize,Available water content of 200 mm/m (under rain-fed conditions),Low,mm,Growth Cycle Attributes - Precipitation, https://s3.eu-west-1.amazonaws.com/data.gaezdev.aws.fao.org/res02/CRUTS32/Hist/8110L/maiz200b_eta.tif,277673,Rain-fed,MZE
misc200a_eta,\res02\CRUTS32\Hist\8110L\misc200a_eta.tif,Growth Cycle Attributes,Crop-specific actual evapotranspiration (mm),Crop-specific actual evapotranspiration (mm) for the time period 1981-2010 for Miscanthus with an Available water content of 200 mm/m (under irrigation conditions) and low input level using climate data source CRUTS32 based on Historical,1981-2010,CRUTS32,Historical,Miscanthus,Available water content of 200 mm/m (under irrigation conditions),Low,mm,Growth Cycle Attributes - Precipitation, https://s3.eu-west-1.amazonaws.com/data.gaezdev.aws.fao.org/res02/CRUTS32/Hist/8110L/misc200a_eta.tif,277488,Irrigation,MIS
misc200b_eta,\res02\CRUTS32\Hist\8110L\misc200b_eta.tif,Growth Cycle Attributes,Crop-specific actual evapotranspiration (mm),Crop-specific actual evapotranspiration (mm) for the time period 1981-2010 for Miscanthus with an Available water content of 200 mm/m (under rain-fed conditions) and low input level using climate data source CRUTS32 based on Historical,1981-2010,CRUTS32,Historical,Miscanthus,Available water content of 200 mm/m (under rain-fed conditions),Low,mm,Growth Cycle Attributes - Precipitation, https://s3.eu-west-1.amazonaws.com/data.gaezdev.aws.fao.org/res02/CRUTS32/Hist/8110L/misc200b_eta.tif,282315,Rain-fed,MIS
mllt200a_eta,\res02\CRUTS32\Hist\8110L\mllt200a_eta.tif,Growth Cycle Attributes,Crop-specific actual evapotranspiration (mm),Crop-specific actual evapotranspiration (mm) for the time period 1981-2010 for Millet with an Available water content of 200 mm/m (under irrigation conditions) and low input level using climate data source CRUTS32 based on Historical,1981-2010,CRUTS32,Historical,Millet,Available water content of 200 mm/m (under irrigation conditions),Low,mm,Growth Cycle Attributes - Precipitation, https://s3.eu-west-1.amazonaws.com/data.gaezdev.aws.fao.org/res02/CRUTS32/Hist/8110L/mllt200a_eta.tif,278716,Irrigation,MLT
mllt200b_eta,\res02\CRUTS32\Hist\8110L\mllt200b_eta.tif,Growth Cycle Attributes,Crop-specific actual evapotranspiration (mm),Crop-specific actual evapotranspiration (mm) for the time period 1981-2010 for Millet with an Available water content of 200 mm/m (under rain-fed conditions) and low input level using climate data source CRUTS32 based on Historical,1981-2010,CRUTS32,Historical,Millet,Available water content of 200 mm/m (under rain-fed conditions),Low,mm,Growth Cycle Attributes - Precipitation, https://s3.eu-west-1.amazonaws.com/data.gaezdev.aws.fao.org/res02/CRUTS32/Hist/8110L/mllt200b_eta.tif,281158,Rain-fed,MLT
mzsi200a_eta,\res02\CRUTS32\Hist\8110L\mzsi200a_eta.tif,Growth Cycle Attributes,Crop-specific actual evapotranspiration (mm),Crop-specific actual evapotranspiration (mm) for the time period 1981-2010 for Silage maize with an Available water content of 200 mm/m (under irrigation conditions) and low input level using climate data source CRUTS32 based on Historical,1981-2010,CRUTS32,Historical,Silage maize,Available water content of 200 mm/m (under irrigation conditions),Low,mm,Growth Cycle Attributes - Precipitation, https://s3.eu-west-1.amazonaws.com/data.gaezdev.aws.fao.org/res02/CRUTS32/Hist/8110L/mzsi200a_eta.tif,281172,Irrigation,Nan
mzsi200b_eta,\res02\CRUTS32\Hist\8110L\mzsi200b_eta.tif,Growth Cycle Attributes,Crop-specific actual evapotranspiration (mm),Crop-specific actual evapotranspiration (mm) for the time period 1981-2010 for Silage maize with an Available water content of 200 mm/m (under rain-fed conditions) and low input level using climate data source CRUTS32 based on Historical,1981-2010,CRUTS32,Historical,Silage maize,Available water content of 200 mm/m (under rain-fed conditions),Low,mm,Growth Cycle Attributes - Precipitation, https://s3.eu-west-1.amazonaws.com/data.gaezdev.aws.fao.org/res02/CRUTS32/Hist/8110L/mzsi200b_eta.tif,280935,Rain-fed,Nan
oats200a_eta,\res02\CRUTS32\Hist\8110L\oats200a_eta.tif,Growth Cycle Attributes,Crop-specific actual evapotranspiration (mm),Crop-specific actual evapotranspiration (mm) for the time period 1981-2010 for Oat with an Available water content of 200 mm/m (under irrigation conditions) and low input level using climate data source CRUTS32 based on Historical,1981-2010,CRUTS32,Historical,Oat,Available water content of 200 mm/m (under irrigation conditions),Low,mm,Growth Cycle Attributes - Precipitation, https://s3.eu-west-1.amazonaws.com/data.gaezdev.aws.fao.org/res02/CRUTS32/Hist/8110L/oats200a_eta.tif,278995,Irrigation,OAT
oats200b_eta,\res02\CRUTS32\Hist\8110L\oats200b_eta.tif,Growth Cycle Attributes,Crop-specific actual evapotranspiration (mm),Crop-specific actual evapotranspiration (mm) for the time period 1981-2010 for Oat with an Available water content of 200 mm/m (under rain-fed conditions) and low input level using climate data source CRUTS32 based on Historical,1981-2010,CRUTS32,Historical,Oat,Available water content of 200 mm/m (under rain-fed conditions),Low,mm,Growth Cycle Attributes - Precipitation, https://s3.eu-west-1.amazonaws.com/data.gaezdev.aws.fao.org/res02/CRUTS32/Hist/8110L/oats200b_eta.tif,279511,Rain-fed,OAT
oilp200a_eta,\res02\CRUTS32\Hist\8110L\oilp200a_eta.tif,Growth Cycle Attributes,Crop-specific actual evapotranspiration (mm),Crop-specific actual evapotranspiration (mm) for the time period 1981-2010 for Oil palm with an Available water content of 200 mm/m (under irrigation conditions) and low input level using climate data source CRUTS32 based on Historical,1981-2010,CRUTS32,Historical,Oil palm,Available water content of 200 mm/m (under irrigation conditions),Low,mm,Growth Cycle Attributes - Precipitation, https://s3.eu-west-1.amazonaws.com/data.gaezdev.aws.fao.org/res02/CRUTS32/Hist/8110L/oilp200a_eta.tif,280676,Irrigation,OIL
oilp200b_eta,\res02\CRUTS32\Hist\8110L\oilp200b_eta.tif,Growth Cycle Attributes,Crop-specific actual evapotranspiration (mm),Crop-specific actual evapotranspiration (mm) for the time period 1981-2010 for Oil palm with an Available water content of 200 mm/m (under rain-fed conditions) and low input level using climate data source CRUTS32 based on Historical,1981-2010,CRUTS32,Historical,Oil palm,Available water content of 200 mm/m (under rain-fed conditions),Low,mm,Growth Cycle Attributes - Precipitation, https://s3.eu-west-1.amazonaws.com/data.gaezdev.aws.fao.org/res02/CRUTS32/Hist/8110L/oilp200b_eta.tif,278458,Rain-fed,OIL
oliv200a_eta,\res02\CRUTS32\Hist\8110L\oliv200a_eta.tif,Growth Cycle Attributes,Crop-specific actual evapotranspiration (mm),Crop-specific actual evapotranspiration (mm) for the time period 1981-2010 for Olive with an Available water content of 200 mm/m (under irrigation conditions) and low input level using climate data source CRUTS32 based on Historical,1981-2010,CRUTS32,Historical,Olive,Available water content of 200 mm/m (under irrigation conditions),Low,mm,Growth Cycle Attributes - Precipitation, https://s3.eu-west-1.amazonaws.com/data.gaezdev.aws.fao.org/res02/CRUTS32/Hist/8110L/oliv200a_eta.tif,282005,Irrigation,OLI
oliv200b_eta,\res02\CRUTS32\Hist\8110L\oliv200b_eta.tif,Growth Cycle Attributes,Crop-specific actual evapotranspiration (mm),Crop-specific actual evapotranspiration (mm) for the time period 1981-2010 for Olive with an Available water content of 200 mm/m (under rain-fed conditions) and low input level using climate data source CRUTS32 based on Historical,1981-2010,CRUTS32,Historical,Olive,Available water content of 200 mm/m (under rain-fed conditions),Low,mm,Growth Cycle Attributes - Precipitation, https://s3.eu-west-1.amazonaws.com/data.gaezdev.aws.fao.org/res02/CRUTS32/Hist/8110L/oliv200b_eta.tif,279111,Rain-fed,OLI
onio200a_eta,\res02\CRUTS32\Hist\8110L\onio200a_eta.tif,Growth Cycle Attributes,Crop-specific actual evapotranspiration (mm),Crop-specific actual evapotranspiration (mm) for the time period 1981-2010 for Onion with an Available water content of 200 mm/m (under irrigation conditions) and low input level using climate data source CRUTS32 based on Historical,1981-2010,CRUTS32,Historical,Onion,Available water content of 200 mm/m (under irrigation conditions),Low,mm,Growth Cycle Attributes - Precipitation, https://s3.eu-west-1.amazonaws.com/data.gaezdev.aws.fao.org/res02/CRUTS32/Hist/8110L/onio200a_eta.tif,281457,Irrigation,ONI
onio200b_eta,\res02\CRUTS32\Hist\8110L\onio200b_eta.tif,Growth Cycle Attributes,Crop-specific actual evapotranspiration (mm),Crop-specific actual evapotranspiration (mm) for the time period 1981-2010 for Onion with an Available water content of 200 mm/m (under rain-fed conditions) and low input level using climate data source CRUTS32 based on Historical,1981-2010,CRUTS32,Historical,Onion,Available water content of 200 mm/m (under rain-fed conditions),Low,mm,Growth Cycle Attributes - Precipitation, https://s3.eu-west-1.amazonaws.com/data.gaezdev.aws.fao.org/res02/CRUTS32/Hist/8110L/onio200b_eta.tif,281795,Rain-fed,ONI
pigp200a_eta,\res02\CRUTS32\Hist\8110L\pigp200a_eta.tif,Growth Cycle Attributes,Crop-specific actual evapotranspiration (mm),Crop-specific actual evapotranspiration (mm) for the time period 1981-2010 for Pigeonpea with an Available water content of 200 mm/m (under irrigation conditions) and low input level using climate data source CRUTS32 based on Historical,1981-2010,CRUTS32,Historical,Pigeonpea,Available water content of 200 mm/m (under irrigation conditions),Low,mm,Growth Cycle Attributes - Precipitation, https://s3.eu-west-1.amazonaws.com/data.gaezdev.aws.fao.org/res02/CRUTS32/Hist/8110L/pigp200a_eta.tif,278710,Irrigation,PIG
pigp200b_eta,\res02\CRUTS32\Hist\8110L\pigp200b_eta.tif,Growth Cycle Attributes,Crop-specific actual evapotranspiration (mm),Crop-specific actual evapotranspiration (mm) for the time period 1981-2010 for Pigeonpea with an Available water content of 200 mm/m (under rain-fed conditions) and low input level using climate data source CRUTS32 based on Historical,1981-2010,CRUTS32,Historical,Pigeonpea,Available water content of 200 mm/m (under rain-fed conditions),Low,mm,Growth Cycle Attributes - Precipitation, https://s3.eu-west-1.amazonaws.com/data.gaezdev.aws.fao.org/res02/CRUTS32/Hist/8110L/pigp200b_eta.tif,278219,Rain-fed,PIG
pmlt200a_eta,\res02\CRUTS32\Hist\8110L\pmlt200a_eta.tif,Growth Cycle Attributes,Crop-specific actual evapotranspiration (mm),Crop-specific actual evapotranspiration (mm) for the time period 1981-2010 for Pearl millet with an Available water content of 200 mm/m (under irrigation conditions) and low input level using climate data source CRUTS32 based on Historical,1981-2010,CRUTS32,Historical,Pearl millet,Available water content of 200 mm/m (under irrigation conditions),Low,mm,Growth Cycle Attributes - Precipitation, https://s3.eu-west-1.amazonaws.com/data.gaezdev.aws.fao.org/res02/CRUTS32/Hist/8110L/pmlt200a_eta.tif,278954,Irrigation,Nan
pmlt200b_eta,\res02\CRUTS32\Hist\8110L\pmlt200b_eta.tif,Growth Cycle Attributes,Crop-specific actual evapotranspiration (mm),Crop-specific actual evapotranspiration (mm) for the time period 1981-2010 for Pearl millet with an Available water content of 200 mm/m (under rain-fed conditions) and low input level using climate data source CRUTS32 based on Historical,1981-2010,CRUTS32,Historical,Pearl millet,Available water content of 200 mm/m (under rain-fed conditions),Low,mm,Growth Cycle Attributes - Precipitation, https://s3.eu-west-1.amazonaws.com/data.gaezdev.aws.fao.org/res02/CRUTS32/Hist/8110L/pmlt200b_eta.tif,277640,Rain-fed,Nan
rape200a_eta,\res02\CRUTS32\Hist\8110L\rape200a_eta.tif,Growth Cycle Attributes,Crop-specific actual evapotranspiration (mm),Crop-specific actual evapotranspiration (mm) for the time period 1981-2010 for Rapeseed with an Available water content of 200 mm/m (under irrigation conditions) and low input level using climate data source CRUTS32 based on Historical,1981-2010,CRUTS32,Historical,Rapeseed,Available water content of 200 mm/m (under irrigation conditions),Low,mm,Growth Cycle Attributes - Precipitation, https://s3.eu-west-1.amazonaws.com/data.gaezdev.aws.fao.org/res02/CRUTS32/Hist/8110L/rape200a_eta.tif,281572,Irrigation,RAP
rape200b_eta,\res02\CRUTS32\Hist\8110L\rape200b_eta.tif,Growth Cycle Attributes,Crop-specific actual evapotranspiration (mm),Crop-specific actual evapotranspiration (mm) for the time period 1981-2010 for Rapeseed with an Available water content of 200 mm/m (under rain-fed conditions) and low input level using climate data source CRUTS32 based on Historical,1981-2010,CRUTS32,Historical,Rapeseed,Available water content of 200 mm/m (under rain-fed conditions),Low,mm,Growth Cycle Attributes - Precipitation, https://s3.eu-west-1.amazonaws.com/data.gaezdev.aws.fao.org/res02/CRUTS32/Hist/8110L/rape200b_eta.tif,280683,Rain-fed,RAP
rcgr200a_eta,\res02\CRUTS32\Hist\8110L\rcgr200a_eta.tif,Growth Cycle Attributes,Crop-specific actual evapotranspiration (mm),Crop-specific actual evapotranspiration (mm) for the time period 1981-2010 for Reed canary grass with an Available water content of 200 mm/m (under irrigation conditions) and low input level using climate data source CRUTS32 based on Historical,1981-2010,CRUTS32,Historical,Reed canary grass,Available water content of 200 mm/m (under irrigation conditions),Low,mm,Growth Cycle Attributes - Precipitation, https://s3.eu-west-1.amazonaws.com/data.gaezdev.aws.fao.org/res02/CRUTS32/Hist/8110L/rcgr200a_eta.tif,282540,Irrigation,REE
rcgr200b_eta,\res02\CRUTS32\Hist\8110L\rcgr200b_eta.tif,Growth Cycle Attributes,Crop-specific actual evapotranspiration (mm),Crop-specific actual evapotranspiration (mm) for the time period 1981-2010 for Reed canary grass with an Available water content of 200 mm/m (under rain-fed conditions) and low input level using climate data source CRUTS32 based on Historical,1981-2010,CRUTS32,Historical,Reed canary grass,Available water content of 200 mm/m (under rain-fed conditions),Low,mm,Growth Cycle Attributes - Precipitation, https://s3.eu-west-1.amazonaws.com/data.gaezdev.aws.fao.org/res02/CRUTS32/Hist/8110L/rcgr200b_eta.tif,279506,Rain-fed,REE
ricd200a_eta,\res02\CRUTS32\Hist\8110L\ricd200a_eta.tif,Growth Cycle Attributes,Crop-specific actual evapotranspiration (mm),Crop-specific actual evapotranspiration (mm) for the time period 1981-2010 for Dryland rice with an Available water content of 200 mm/m (under irrigation conditions) and low input level using climate data source CRUTS32 based on Historical,1981-2010,CRUTS32,Historical,Dryland rice,Available water content of 200 mm/m (under irrigation conditions),Low,mm,Growth Cycle Attributes - Precipitation, https://s3.eu-west-1.amazonaws.com/data.gaezdev.aws.fao.org/res02/CRUTS32/Hist/8110L/ricd200a_eta.tif,278045,Irrigation,RCD
ricd200b_eta,\res02\CRUTS32\Hist\8110L\ricd200b_eta.tif,Growth Cycle Attributes,Crop-specific actual evapotranspiration (mm),Crop-specific actual evapotranspiration (mm) for the time period 1981-2010 for Dryland rice with an Available water content of 200 mm/m (under rain-fed conditions) and low input level using climate data source CRUTS32 based on Historical,1981-2010,CRUTS32,Historical,Dryland rice,Available water content of 200 mm/m (under rain-fed conditions),Low,mm,Growth Cycle Attributes - Precipitation, https://s3.eu-west-1.amazonaws.com/data.gaezdev.aws.fao.org/res02/CRUTS32/Hist/8110L/ricd200b_eta.tif,282739,Rain-fed,RCD
ricw200a_eta,\res02\CRUTS32\Hist\8110L\ricw200a_eta.tif,Growth Cycle Attributes,Crop-specific actual evapotranspiration (mm),Crop-specific actual evapotranspiration (mm) for the time period 1981-2010 for Wetland rice with an Available water content of 200 mm/m (under irrigation conditions) and low input level using climate data source CRUTS32 based on Historical,1981-2010,CRUTS32,Historical,Wetland rice,Available water content of 200 mm/m (under irrigation conditions),Low,mm,Growth Cycle Attributes - Precipitation, https://s3.eu-west-1.amazonaws.com/data.gaezdev.aws.fao.org/res02/CRUTS32/Hist/8110L/ricw200a_eta.tif,278853,Irrigation,RCP
ricw200b_eta,\res02\CRUTS32\Hist\8110L\ricw200b_eta.tif,Growth Cycle Attributes,Crop-specific actual evapotranspiration (mm),Crop-specific actual evapotranspiration (mm) for the time period 1981-2010 for Wetland rice with an Available water content of 200 mm/m (under rain-fed conditions) and low input level using climate data source CRUTS32 based on Historical,1981-2010,CRUTS32,Historical,Wetland rice,Available water content of 200 mm/m (under rain-fed conditions),Low,mm,Growth Cycle Attributes - Precipitation, https://s3.eu-west-1.amazonaws.com/data.gaezdev.aws.fao.org/res02/CRUTS32/Hist/8110L/ricw200b_eta.tif,279528,Rain-fed,RCP
ryes200a_eta,\res02\CRUTS32\Hist\8110L\ryes200a_eta.tif,Growth Cycle Attributes,Crop-specific actual evapotranspiration (mm),Crop-specific actual evapotranspiration (mm) for the time period 1981-2010 for Rye with an Available water content of 200 mm/m (under irrigation conditions) and low input level using climate data source CRUTS32 based on Historical,1981-2010,CRUTS32,Historical,Rye,Available water content of 200 mm/m (under irrigation conditions),Low,mm,Growth Cycle Attributes - Precipitation, https://s3.eu-west-1.amazonaws.com/data.gaezdev.aws.fao.org/res02/CRUTS32/Hist/8110L/ryes200a_eta.tif,278105,Irrigation,RYE
ryes200b_eta,\res02\CRUTS32\Hist\8110L\ryes200b_eta.tif,Growth Cycle Attributes,Crop-specific actual evapotranspiration (mm),Crop-specific actual evapotranspiration (mm) for the time period 1981-2010 for Rye with an Available water content of 200 mm/m (under rain-fed conditions) and low input level using climate data source CRUTS32 based on Historical,1981-2010,CRUTS32,Historical,Rye,Available water content of 200 mm/m (under rain-fed conditions),Low,mm,Growth Cycle Attributes - Precipitation, https://s3.eu-west-1.amazonaws.com/data.gaezdev.aws.fao.org/res02/CRUTS32/Hist/8110L/ryes200b_eta.tif,282767,Rain-fed,RYE
sbrl200a_eta,\res02\CRUTS32\Hist\8110L\sbrl200a_eta.tif,Growth Cycle Attributes,Crop-specific actual evapotranspiration (mm),Crop-specific actual evapotranspiration (mm) for the time period 1981-2010 for Spring barley with an Available water content of 200 mm/m (under irrigation conditions) and low input level using climate data source CRUTS32 based on Historical,1981-2010,CRUTS32,Historical,Spring barley,Available water content of 200 mm/m (under irrigation conditions),Low,mm,Growth Cycle Attributes - Precipitation, https://s3.eu-west-1.amazonaws.com/data.gaezdev.aws.fao.org/res02/CRUTS32/Hist/8110L/sbrl200a_eta.tif,282569,Irrigation,Nan
sbrl200b_eta,\res02\CRUTS32\Hist\8110L\sbrl200b_eta.tif,Growth Cycle Attributes,Crop-specific actual evapotranspiration (mm),Crop-specific actual evapotranspiration (mm) for the time period 1981-2010 for Spring barley with an Available water content of 200 mm/m (under rain-fed conditions) and low input level using climate data source CRUTS32 based on Historical,1981-2010,CRUTS32,Historical,Spring barley,Available water content of 200 mm/m (under rain-fed conditions),Low,mm,Growth Cycle Attributes - Precipitation, https://s3.eu-west-1.amazonaws.com/data.gaezdev.aws.fao.org/res02/CRUTS32/Hist/8110L/sbrl200b_eta.tif,282487,Rain-fed,Nan
sorg200a_eta,\res02\CRUTS32\Hist\8110L\sorg200a_eta.tif,Growth Cycle Attributes,Crop-specific actual evapotranspiration (mm),Crop-specific actual evapotranspiration (mm) for the time period 1981-2010 for Sorghum with an Available water content of 200 mm/m (under irrigation conditions) and low input level using climate data source CRUTS32 based on Historical,1981-2010,CRUTS32,Historical,Sorghum,Available water content of 200 mm/m (under irrigation conditions),Low,mm,Growth Cycle Attributes - Precipitation, https://s3.eu-west-1.amazonaws.com/data.gaezdev.aws.fao.org/res02/CRUTS32/Hist/8110L/sorg200a_eta.tif,278421,Irrigation,SOR
sorg200b_eta,\res02\CRUTS32\Hist\8110L\sorg200b_eta.tif,Growth Cycle Attributes,Crop-specific actual evapotranspiration (mm),Crop-specific actual evapotranspiration (mm) for the time period 1981-2010 for Sorghum with an Available water content of 200 mm/m (under rain-fed conditions) and low input level using climate data source CRUTS32 based on Historical,1981-2010,CRUTS32,Historical,Sorghum,Available water content of 200 mm/m (under rain-fed conditions),Low,mm,Growth Cycle Attributes - Precipitation, https://s3.eu-west-1.amazonaws.com/data.gaezdev.aws.fao.org/res02/CRUTS32/Hist/8110L/sorg200b_eta.tif,278374,Rain-fed,SOR
soyb200a_eta,\res02\CRUTS32\Hist\8110L\soyb200a_eta.tif,Growth Cycle Attributes,Crop-specific actual evapotranspiration (mm),Crop-specific actual evapotranspiration (mm) for the time period 1981-2010 for Soybean with an Available water content of 200 mm/m (under irrigation conditions) and low input level using climate data source CRUTS32 based on Historical,1981-2010,CRUTS32,Historical,Soybean,Available water content of 200 mm/m (under irrigation conditions),Low,mm,Growth Cycle Attributes - Precipitation, https://s3.eu-west-1.amazonaws.com/data.gaezdev.aws.fao.org/res02/CRUTS32/Hist/8110L/soyb200a_eta.tif,280869,Irrigation,SOY
soyb200b_eta,\res02\CRUTS32\Hist\8110L\soyb200b_eta.tif,Growth Cycle Attributes,Crop-specific actual evapotranspiration (mm),Crop-specific actual evapotranspiration (mm) for the time period 1981-2010 for Soybean with an Available water content of 200 mm/m (under rain-fed conditions) and low input level using climate data source CRUTS32 based on Historical,1981-2010,CRUTS32,Historical,Soybean,Available water content of 200 mm/m (under rain-fed conditions),Low,mm,Growth Cycle Attributes - Precipitation, https://s3.eu-west-1.amazonaws.com/data.gaezdev.aws.fao.org/res02/CRUTS32/Hist/8110L/soyb200b_eta.tif,278031,Rain-fed,SOY
spot200a_eta,\res02\CRUTS32\Hist\8110L\spot200a_eta.tif,Growth Cycle Attributes,Crop-specific actual evapotranspiration (mm),Crop-specific actual evapotranspiration (mm) for the time period 1981-2010 for Sweet potato with an Available water content of 200 mm/m (under irrigation conditions) and low input level using climate data source CRUTS32 based on Historical,1981-2010,CRUTS32,Historical,Sweet potato,Available water content of 200 mm/m (under irrigation conditions),Low,mm,Growth Cycle Attributes - Precipitation, https://s3.eu-west-1.amazonaws.com/data.gaezdev.aws.fao.org/res02/CRUTS32/Hist/8110L/spot200a_eta.tif,282655,Irrigation,PTS
spot200b_eta,\res02\CRUTS32\Hist\8110L\spot200b_eta.tif,Growth Cycle Attributes,Crop-specific actual evapotranspiration (mm),Crop-specific actual evapotranspiration (mm) for the time period 1981-2010 for Sweet potato with an Available water content of 200 mm/m (under rain-fed conditions) and low input level using climate data source CRUTS32 based on Historical,1981-2010,CRUTS32,Historical,Sweet potato,Available water content of 200 mm/m (under rain-fed conditions),Low,mm,Growth Cycle Attributes - Precipitation, https://s3.eu-west-1.amazonaws.com/data.gaezdev.aws.fao.org/res02/CRUTS32/Hist/8110L/spot200b_eta.tif,282138,Rain-fed,PTS
srye200a_eta,\res02\CRUTS32\Hist\8110L\srye200a_eta.tif,Growth Cycle Attributes,Crop-specific actual evapotranspiration (mm),Crop-specific actual evapotranspiration (mm) for the time period 1981-2010 for Spring rye with an Available water content of 200 mm/m (under irrigation conditions) and low input level using climate data source CRUTS32 based on Historical,1981-2010,CRUTS32,Historical,Spring rye,Available water content of 200 mm/m (under irrigation conditions),Low,mm,Growth Cycle Attributes - Precipitation, https://s3.eu-west-1.amazonaws.com/data.gaezdev.aws.fao.org/res02/CRUTS32/Hist/8110L/srye200a_eta.tif,281344,Irrigation,Nan
srye200b_eta,\res02\CRUTS32\Hist\8110L\srye200b_eta.tif,Growth Cycle Attributes,Crop-specific actual evapotranspiration (mm),Crop-specific actual evapotranspiration (mm) for the time period 1981-2010 for Spring rye with an Available water content of 200 mm/m (under rain-fed conditions) and low input level using climate data source CRUTS32 based on Historical,1981-2010,CRUTS32,Historical,Spring rye,Available water content of 200 mm/m (under rain-fed conditions),Low,mm,Growth Cycle Attributes - Precipitation, https://s3.eu-west-1.amazonaws.com/data.gaezdev.aws.fao.org/res02/CRUTS32/Hist/8110L/srye200b_eta.tif,282135,Rain-fed,Nan
sugb200a_eta,\res02\CRUTS32\Hist\8110L\sugb200a_eta.tif,Growth Cycle Attributes,Crop-specific actual evapotranspiration (mm),Crop-specific actual evapotranspiration (mm) for the time period 1981-2010 for Sugarbeet with an Available water content of 200 mm/m (under irrigation conditions) and low input level using climate data source CRUTS32 based on Historical,1981-2010,CRUTS32,Historical,Sugarbeet,Available water content of 200 mm/m (under irrigation conditions),Low,mm,Growth Cycle Attributes - Precipitation, https://s3.eu-west-1.amazonaws.com/data.gaezdev.aws.fao.org/res02/CRUTS32/Hist/8110L/sugb200a_eta.tif,280042,Irrigation,SGB
sugb200b_eta,\res02\CRUTS32\Hist\8110L\sugb200b_eta.tif,Growth Cycle Attributes,Crop-specific actual evapotranspiration (mm),Crop-specific actual evapotranspiration (mm) for the time period 1981-2010 for Sugarbeet with an Available water content of 200 mm/m (under rain-fed conditions) and low input level using climate data source CRUTS32 based on Historical,1981-2010,CRUTS32,Historical,Sugarbeet,Available water content of 200 mm/m (under rain-fed conditions),Low,mm,Growth Cycle Attributes - Precipitation, https://s3.eu-west-1.amazonaws.com/data.gaezdev.aws.fao.org/res02/CRUTS32/Hist/8110L/sugb200b_eta.tif,279540,Rain-fed,SGB
sugc200a_eta,\res02\CRUTS32\Hist\8110L\sugc200a_eta.tif,Growth Cycle Attributes,Crop-specific actual evapotranspiration (mm),Crop-specific actual evapotranspiration (mm) for the time period 1981-2010 for Sugarcane with an Available water content of 200 mm/m (under irrigation conditions) and low input level using climate data source CRUTS32 based on Historical,1981-2010,CRUTS32,Historical,Sugarcane,Available water content of 200 mm/m (under irrigation conditions),Low,mm,Growth Cycle Attributes - Precipitation, https://s3.eu-west-1.amazonaws.com/data.gaezdev.aws.fao.org/res02/CRUTS32/Hist/8110L/sugc200a_eta.tif,279343,Irrigation,SGC
sugc200b_eta,\res02\CRUTS32\Hist\8110L\sugc200b_eta.tif,Growth Cycle Attributes,Crop-specific actual evapotranspiration (mm),Crop-specific actual evapotranspiration (mm) for the time period 1981-2010 for Sugarcane with an Available water content of 200 mm/m (under rain-fed conditions) and low input level using climate data source CRUTS32 based on Historical,1981-2010,CRUTS32,Historical,Sugarcane,Available water content of 200 mm/m (under rain-fed conditions),Low,mm,Growth Cycle Attributes - Precipitation, https://s3.eu-west-1.amazonaws.com/data.gaezdev.aws.fao.org/res02/CRUTS32/Hist/8110L/sugc200b_eta.tif,278114,Rain-fed,SGC
sunf200a_eta,\res02\CRUTS32\Hist\8110L\sunf200a_eta.tif,Growth Cycle Attributes,Crop-specific actual evapotranspiration (mm),Crop-specific actual evapotranspiration (mm) for the time period 1981-2010 for Sunflower with an Available water content of 200 mm/m (under irrigation conditions) and low input level using climate data source CRUTS32 based on Historical,1981-2010,CRUTS32,Historical,Sunflower,Available water content of 200 mm/m (under irrigation conditions),Low,mm,Growth Cycle Attributes - Precipitation, https://s3.eu-west-1.amazonaws.com/data.gaezdev.aws.fao.org/res02/CRUTS32/Hist/8110L/sunf200a_eta.tif,278329,Irrigation,SUN
sunf200b_eta,\res02\CRUTS32\Hist\8110L\sunf200b_eta.tif,Growth Cycle Attributes,Crop-specific actual evapotranspiration (mm),Crop-specific actual evapotranspiration (mm) for the time period 1981-2010 for Sunflower with an Available water content of 200 mm/m (under rain-fed conditions) and low input level using climate data source CRUTS32 based on Historical,1981-2010,CRUTS32,Historical,Sunflower,Available water content of 200 mm/m (under rain-fed conditions),Low,mm,Growth Cycle Attributes - Precipitation, https://s3.eu-west-1.amazonaws.com/data.gaezdev.aws.fao.org/res02/CRUTS32/Hist/8110L/sunf200b_eta.tif,281770,Rain-fed,SUN
swgr200a_eta,\res02\CRUTS32\Hist\8110L\swgr200a_eta.tif,Growth Cycle Attributes,Crop-specific actual evapotranspiration (mm),Crop-specific actual evapotranspiration (mm) for the time period 1981-2010 for Switchgrass with an Available water content of 200 mm/m (under irrigation conditions) and low input level using climate data source CRUTS32 based on Historical,1981-2010,CRUTS32,Historical,Switchgrass,Available water content of 200 mm/m (under irrigation conditions),Low,mm,Growth Cycle Attributes - Precipitation, https://s3.eu-west-1.amazonaws.com/data.gaezdev.aws.fao.org/res02/CRUTS32/Hist/8110L/swgr200a_eta.tif,279726,Irrigation,SWI
swgr200b_eta,\res02\CRUTS32\Hist\8110L\swgr200b_eta.tif,Growth Cycle Attributes,Crop-specific actual evapotranspiration (mm),Crop-specific actual evapotranspiration (mm) for the time period 1981-2010 for Switchgrass with an Available water content of 200 mm/m (under rain-fed conditions) and low input level using climate data source CRUTS32 based on Historical,1981-2010,CRUTS32,Historical,Switchgrass,Available water content of 200 mm/m (under rain-fed conditions),Low,mm,Growth Cycle Attributes - Precipitation, https://s3.eu-west-1.amazonaws.com/data.gaezdev.aws.fao.org/res02/CRUTS32/Hist/8110L/swgr200b_eta.tif,282166,Rain-fed,SWI
swhe200a_eta,\res02\CRUTS32\Hist\8110L\swhe200a_eta.tif,Growth Cycle Attributes,Crop-specific actual evapotranspiration (mm),Crop-specific actual evapotranspiration (mm) for the time period 1981-2010 for Spring wheat with an Available water content of 200 mm/m (under irrigation conditions) and low input level using climate data source CRUTS32 based on Historical,1981-2010,CRUTS32,Historical,Spring wheat,Available water content of 200 mm/m (under irrigation conditions),Low,mm,Growth Cycle Attributes - Precipitation, https://s3.eu-west-1.amazonaws.com/data.gaezdev.aws.fao.org/res02/CRUTS32/Hist/8110L/swhe200a_eta.tif,277159,Irrigation,Nan
swhe200b_eta,\res02\CRUTS32\Hist\8110L\swhe200b_eta.tif,Growth Cycle Attributes,Crop-specific actual evapotranspiration (mm),Crop-specific actual evapotranspiration (mm) for the time period 1981-2010 for Spring wheat with an Available water content of 200 mm/m (under rain-fed conditions) and low input level using climate data source CRUTS32 based on Historical,1981-2010,CRUTS32,Historical,Spring wheat,Available water content of 200 mm/m (under rain-fed conditions),Low,mm,Growth Cycle Attributes - Precipitation, https://s3.eu-west-1.amazonaws.com/data.gaezdev.aws.fao.org/res02/CRUTS32/Hist/8110L/swhe200b_eta.tif,279763,Rain-fed,Nan
teas200a_eta,\res02\CRUTS32\Hist\8110L\teas200a_eta.tif,Growth Cycle Attributes,Crop-specific actual evapotranspiration (mm),Crop-specific actual evapotranspiration (mm) for the time period 1981-2010 for Tea with an Available water content of 200 mm/m (under irrigation conditions) and low input level using climate data source CRUTS32 based on Historical,1981-2010,CRUTS32,Historical,Tea,Available water content of 200 mm/m (under irrigation conditions),Low,mm,Growth Cycle Attributes - Precipitation, https://s3.eu-west-1.amazonaws.com/data.gaezdev.aws.fao.org/res02/CRUTS32/Hist/8110L/teas200a_eta.tif,279162,Irrigation,TEA
teas200b_eta,\res02\CRUTS32\Hist\8110L\teas200b_eta.tif,Growth Cycle Attributes,Crop-specific actual evapotranspiration (mm),Crop-specific actual evapotranspiration (mm) for the time period 1981-2010 for Tea with an Available water content of 200 mm/m (under rain-fed conditions) and low input level using climate data source CRUTS32 based on Historical,1981-2010,CRUTS32,Historical,Tea,Available water content of 200 mm/m (under rain-fed conditions),Low,mm,Growth Cycle Attributes - Precipitation, https://s3.eu-west-1.amazonaws.com/data.gaezdev.aws.fao.org/res02/CRUTS32/Hist/8110L/teas200b_eta.tif,282053,Rain-fed,TEA
tmze200a_eta,\res02\CRUTS32\Hist\8110L\tmze200a_eta.tif,Growth Cycle Attributes,Crop-specific actual evapotranspiration (mm),Crop-specific actual evapotranspiration (mm) for the time period 1981-2010 for Temperate maize with an Available water content of 200 mm/m (under irrigation conditions) and low input level using climate data source CRUTS32 based on Historical,1981-2010,CRUTS32,Historical,Temperate maize,Available water content of 200 mm/m (under irrigation conditions),Low,mm,Growth Cycle Attributes - Precipitation, https://s3.eu-west-1.amazonaws.com/data.gaezdev.aws.fao.org/res02/CRUTS32/Hist/8110L/tmze200a_eta.tif,280943,Irrigation,Nan
tmze200b_eta,\res02\CRUTS32\Hist\8110L\tmze200b_eta.tif,Growth Cycle Attributes,Crop-specific actual evapotranspiration (mm),Crop-specific actual evapotranspiration (mm) for the time period 1981-2010 for Temperate maize with an Available water content of 200 mm/m (under rain-fed conditions) and low input level using climate data source CRUTS32 based on Historical,1981-2010,CRUTS32,Historical,Temperate maize,Available water content of 200 mm/m (under rain-fed conditions),Low,mm,Growth Cycle Attributes - Precipitation, https://s3.eu-west-1.amazonaws.com/data.gaezdev.aws.fao.org/res02/CRUTS32/Hist/8110L/tmze200b_eta.tif,279048,Rain-fed,Nan
toba200a_eta,\res02\CRUTS32\Hist\8110L\toba200a_eta.tif,Growth Cycle Attributes,Crop-specific actual evapotranspiration (mm),Crop-specific actual evapotranspiration (mm) for the time period 1981-2010 for Tobacco with an Available water content of 200 mm/m (under irrigation conditions) and low input level using climate data source CRUTS32 based on Historical,1981-2010,CRUTS32,Historical,Tobacco,Available water content of 200 mm/m (under irrigation conditions),Low,mm,Growth Cycle Attributes - Precipitation, https://s3.eu-west-1.amazonaws.com/data.gaezdev.aws.fao.org/res02/CRUTS32/Hist/8110L/toba200a_eta.tif,277031,Irrigation,TOB
toba200b_eta,\res02\CRUTS32\Hist\8110L\toba200b_eta.tif,Growth Cycle Attributes,Crop-specific actual evapotranspiration (mm),Crop-specific actual evapotranspiration (mm) for the time period 1981-2010 for Tobacco with an Available water content of 200 mm/m (under rain-fed conditions) and low input level using climate data source CRUTS32 based on Historical,1981-2010,CRUTS32,Historical,Tobacco,Available water content of 200 mm/m (under rain-fed conditions),Low,mm,Growth Cycle Attributes - Precipitation, https://s3.eu-west-1.amazonaws.com/data.gaezdev.aws.fao.org/res02/CRUTS32/Hist/8110L/toba200b_eta.tif,278839,Rain-fed,TOB
toma200a_eta,\res02\CRUTS32\Hist\8110L\toma200a_eta.tif,Growth Cycle Attributes,Crop-specific actual evapotranspiration (mm),Crop-specific actual evapotranspiration (mm) for the time period 1981-2010 for Tomato with an Available water content of 200 mm/m (under irrigation conditions) and low input level using climate data source CRUTS32 based on Historical,1981-2010,CRUTS32,Historical,Tomato,Available water content of 200 mm/m (under irrigation conditions),Low,mm,Growth Cycle Attributes - Precipitation, https://s3.eu-west-1.amazonaws.com/data.gaezdev.aws.fao.org/res02/CRUTS32/Hist/8110L/toma200a_eta.tif,277725,Irrigation,TOM
toma200b_eta,\res02\CRUTS32\Hist\8110L\toma200b_eta.tif,Growth Cycle Attributes,Crop-specific actual evapotranspiration (mm),Crop-specific actual evapotranspiration (mm) for the time period 1981-2010 for Tomato with an Available water content of 200 mm/m (under rain-fed conditions) and low input level using climate data source CRUTS32 based on Historical,1981-2010,CRUTS32,Historical,Tomato,Available water content of 200 mm/m (under rain-fed conditions),Low,mm,Growth Cycle Attributes - Precipitation, https://s3.eu-west-1.amazonaws.com/data.gaezdev.aws.fao.org/res02/CRUTS32/Hist/8110L/toma200b_eta.tif,282343,Rain-fed,TOM
tsrg200a_eta,\res02\CRUTS32\Hist\8110L\tsrg200a_eta.tif,Growth Cycle Attributes,Crop-specific actual evapotranspiration (mm),Crop-specific actual evapotranspiration (mm) for the time period 1981-2010 for Temperate sorghum with an Available water content of 200 mm/m (under irrigation conditions) and low input level using climate data source CRUTS32 based on Historical,1981-2010,CRUTS32,Historical,Temperate sorghum,Available water content of 200 mm/m (under irrigation conditions),Low,mm,Growth Cycle Attributes - Precipitation, https://s3.eu-west-1.amazonaws.com/data.gaezdev.aws.fao.org/res02/CRUTS32/Hist/8110L/tsrg200a_eta.tif,278539,Irrigation,Nan
tsrg200b_eta,\res02\CRUTS32\Hist\8110L\tsrg200b_eta.tif,Growth Cycle Attributes,Crop-specific actual evapotranspiration (mm),Crop-specific actual evapotranspiration (mm) for the time period 1981-2010 for Temperate sorghum with an Available water content of 200 mm/m (under rain-fed conditions) and low input level using climate data source CRUTS32 based on Historical,1981-2010,CRUTS32,Historical,Temperate sorghum,Available water content of 200 mm/m (under rain-fed conditions),Low,mm,Growth Cycle Attributes - Precipitation, https://s3.eu-west-1.amazonaws.com/data.gaezdev.aws.fao.org/res02/CRUTS32/Hist/8110L/tsrg200b_eta.tif,279057,Rain-fed,Nan
wbrl200a_eta,\res02\CRUTS32\Hist\8110L\wbrl200a_eta.tif,Growth Cycle Attributes,Crop-specific actual evapotranspiration (mm),Crop-specific actual evapotranspiration (mm) for the time period 1981-2010 for Winter barley with an Available water content of 200 mm/m (under irrigation conditions) and low input level using climate data source CRUTS32 based on Historical,1981-2010,CRUTS32,Historical,Winter barley,Available water content of 200 mm/m (under irrigation conditions),Low,mm,Growth Cycle Attributes - Precipitation, https://s3.eu-west-1.amazonaws.com/data.gaezdev.aws.fao.org/res02/CRUTS32/Hist/8110L/wbrl200a_eta.tif,279914,Irrigation,Nan
wbrl200b_eta,\res02\CRUTS32\Hist\8110L\wbrl200b_eta.tif,Growth Cycle Attributes,Crop-specific actual evapotranspiration (mm),Crop-specific actual evapotranspiration (mm) for the time period 1981-2010 for Winter barley with an Available water content of 200 mm/m (under rain-fed conditions) and low input level using climate data source CRUTS32 based on Historical,1981-2010,CRUTS32,Historical,Winter barley,Available water content of 200 mm/m (under rain-fed conditions),Low,mm,Growth Cycle Attributes - Precipitation, https://s3.eu-west-1.amazonaws.com/data.gaezdev.aws.fao.org/res02/CRUTS32/Hist/8110L/wbrl200b_eta.tif,277740,Rain-fed,Nan
whea200a_eta,\res02\CRUTS32\Hist\8110L\whea200a_eta.tif,Growth Cycle Attributes,Crop-specific actual evapotranspiration (mm),Crop-specific actual evapotranspiration (mm) for the time period 1981-2010 for Wheat with an Available water content of 200 mm/m (under irrigation conditions) and low input level using climate data source CRUTS32 based on Historical,1981-2010,CRUTS32,Historical,Wheat,Available water content of 200 mm/m (under irrigation conditions),Low,mm,Growth Cycle Attributes - Precipitation, https://s3.eu-west-1.amazonaws.com/data.gaezdev.aws.fao.org/res02/CRUTS32/Hist/8110L/whea200a_eta.tif,281244,Irrigation,WHE
whea200b_eta,\res02\CRUTS32\Hist\8110L\whea200b_eta.tif,Growth Cycle Attributes,Crop-specific actual evapotranspiration (mm),Crop-specific actual evapotranspiration (mm) for the time period 1981-2010 for Wheat with an Available water content of 200 mm/m (under rain-fed conditions) and low input level using climate data source CRUTS32 based on Historical,1981-2010,CRUTS32,Historical,Wheat,Available water content of 200 mm/m (under rain-fed conditions),Low,mm,Growth Cycle Attributes - Precipitation, https://s3.eu-west-1.amazonaws.com/data.gaezdev.aws.fao.org/res02/CRUTS32/Hist/8110L/whea200b_eta.tif,277086,Rain-fed,WHE
wpot200a_eta,\res02\CRUTS32\Hist\8110L\wpot200a_eta.tif,Growth Cycle Attributes,Crop-specific actual evapotranspiration (mm),Crop-specific actual evapotranspiration (mm) for the time period 1981-2010 for White potato with an Available water content of 200 mm/m (under irrigation conditions) and low input level using climate data source CRUTS32 based on Historical,1981-2010,CRUTS32,Historical,White potato,Available water content of 200 mm/m (under irrigation conditions),Low,mm,Growth Cycle Attributes - Precipitation, https://s3.eu-west-1.amazonaws.com/data.gaezdev.aws.fao.org/res02/CRUTS32/Hist/8110L/wpot200a_eta.tif,279713,Irrigation,PTW
wpot200b_eta,\res02\CRUTS32\Hist\8110L\wpot200b_eta.tif,Growth Cycle Attributes,Crop-specific actual evapotranspiration (mm),Crop-specific actual evapotranspiration (mm) for the time period 1981-2010 for White potato with an Available water content of 200 mm/m (under rain-fed conditions) and low input level using climate data source CRUTS32 based on Historical,1981-2010,CRUTS32,Historical,White potato,Available water content of 200 mm/m (under rain-fed conditions),Low,mm,Growth Cycle Attributes - Precipitation, https://s3.eu-west-1.amazonaws.com/data.gaezdev.aws.fao.org/res02/CRUTS32/Hist/8110L/wpot200b_eta.tif,279164,Rain-fed,PTW
wrye200a_eta,\res02\CRUTS32\Hist\8110L\wrye200a_eta.tif,Growth Cycle Attributes,Crop-specific actual evapotranspiration (mm),Crop-specific actual evapotranspiration (mm) for the time period 1981-2010 for Winter rye with an Available water content of 200 mm/m (under irrigation conditions) and low input level using climate data source CRUTS32 based on Historical,1981-2010,CRUTS32,Historical,Winter rye,Available water content of 200 mm/m (under irrigation conditions),Low,mm,Growth Cycle Attributes - Precipitation, https://s3.eu-west-1.amazonaws.com/data.gaezdev.aws.fao.org/res02/CRUTS32/Hist/8110L/wrye200a_eta.tif,280078,Irrigation,Nan
wrye200b_eta,\res02\CRUTS32\Hist\8110L\wrye200b_eta.tif,Growth Cycle Attributes,Crop-specific actual evapotranspiration (mm),Crop-specific actual evapotranspiration (mm) for the time period 1981-2010 for Winter rye with an Available water content of 200 mm/m (under rain-fed conditions) and low input level using climate data source CRUTS32 based on Historical,1981-2010,CRUTS32,Historical,Winter rye,Available water content of 200 mm/m (under rain-fed conditions),Low,mm,Growth Cycle Attributes - Precipitation, https://s3.eu-west-1.amazonaws.com/data.gaezdev.aws.fao.org/res02/CRUTS32/Hist/8110L/wrye200b_eta.tif,281057,Rain-fed,Nan
wwhe200a_eta,\res02\CRUTS32\Hist\8110L\wwhe200a_eta.tif,Growth Cycle Attributes,Crop-specific actual evapotranspiration (mm),Crop-specific actual evapotranspiration (mm) for the time period 1981-2010 for Winter wheat with an Available water content of 200 mm/m (under irrigation conditions) and low input level using climate data source CRUTS32 based on Historical,1981-2010,CRUTS32,Historical,Winter wheat,Available water content of 200 mm/m (under irrigation conditions),Low,mm,Growth Cycle Attributes - Precipitation, https://s3.eu-west-1.amazonaws.com/data.gaezdev.aws.fao.org/res02/CRUTS32/Hist/8110L/wwhe200a_eta.tif,280172,Irrigation,Nan
wwhe200b_eta,\res02\CRUTS32\Hist\8110L\wwhe200b_eta.tif,Growth Cycle Attributes,Crop-specific actual evapotranspiration (mm),Crop-specific actual evapotranspiration (mm) for the time period 1981-2010 for Winter wheat with an Available water content of 200 mm/m (under rain-fed conditions) and low input level using climate data source CRUTS32 based on Historical,1981-2010,CRUTS32,Historical,Winter wheat,Available water content of 200 mm/m (under rain-fed conditions),Low,mm,Growth Cycle Attributes - Precipitation, https://s3.eu-west-1.amazonaws.com/data.gaezdev.aws.fao.org/res02/CRUTS32/Hist/8110L/wwhe200b_eta.tif,282238,Rain-fed,Nan
wyam200a_eta,\res02\CRUTS32\Hist\8110L\wyam200a_eta.tif,Growth Cycle Attributes,Crop-specific actual evapotranspiration (mm),Crop-specific actual evapotranspiration (mm) for the time period 1981-2010 for White yam with an Available water content of 200 mm/m (under irrigation conditions) and low input level using climate data source CRUTS32 based on Historical,1981-2010,CRUTS32,Historical,White yam,Available water content of 200 mm/m (under irrigation conditions),Low,mm,Growth Cycle Attributes - Precipitation, https://s3.eu-west-1.amazonaws.com/data.gaezdev.aws.fao.org/res02/CRUTS32/Hist/8110L/wyam200a_eta.tif,280708,Irrigation,Nan
wyam200b_eta,\res02\CRUTS32\Hist\8110L\wyam200b_eta.tif,Growth Cycle Attributes,Crop-specific actual evapotranspiration (mm),Crop-specific actual evapotranspiration (mm) for the time period 1981-2010 for White yam with an Available water content of 200 mm/m (under rain-fed conditions) and low input level using climate data source CRUTS32 based on Historical,1981-2010,CRUTS32,Historical,White yam,Available water content of 200 mm/m (under rain-fed conditions),Low,mm,Growth Cycle Attributes - Precipitation, https://s3.eu-west-1.amazonaws.com/data.gaezdev.aws.fao.org/res02/CRUTS32/Hist/8110L/wyam200b_eta.tif,279561,Rain-fed,Nan
yams200a_eta,\res02\CRUTS32\Hist\8110L\yams200a_eta.tif,Growth Cycle Attributes,Crop-specific actual evapotranspiration (mm),Crop-specific actual evapotranspiration (mm) for the time period 1981-2010 for Yam with an Available water content of 200 mm/m (under irrigation conditions) and low input level using climate data source CRUTS32 based on Historical,1981-2010,CRUTS32,Historical,Yam,Available water content of 200 mm/m (under irrigation conditions),Low,mm,Growth Cycle Attributes - Precipitation, https://s3.eu-west-1.amazonaws.com/data.gaezdev.aws.fao.org/res02/CRUTS32/Hist/8110L/yams200a_eta.tif,277564,Irrigation,YAM
yams200b_eta,\res02\CRUTS32\Hist\8110L\yams200b_eta.tif,Growth Cycle Attributes,Crop-specific actual evapotranspiration (mm),Crop-specific actual evapotranspiration (mm) for the time period 1981-2010 for Yam with an Available water content of 200 mm/m (under rain-fed conditions) and low input level using climate data source CRUTS32 based on Historical,1981-2010,CRUTS32,Historical,Yam,Available water content of 200 mm/m (under rain-fed conditions),Low,mm,Growth Cycle Attributes - Precipitation, https://s3.eu-west-1.amazonaws.com/data.gaezdev.aws.fao.org/res02/CRUTS32/Hist/8110L/yams200b_eta.tif,281679,Rain-fed,YAM
yyam200a_eta,\res02\CRUTS32\Hist\8110L\yyam200a_eta.tif,Growth Cycle Attributes,Crop-specific actual evapotranspiration (mm),Crop-specific actual evapotranspiration (mm) for the time period 1981-2010 for Yellow yam with an Available water content of 200 mm/m (under irrigation conditions) and low input level using climate data source CRUTS32 based on Historical,1981-2010,CRUTS32,Historical,Yellow yam,Available water content of 200 mm/m (under irrigation conditions),Low,mm,Growth Cycle Attributes - Precipitation, https://s3.eu-west-1.amazonaws.com/data.gaezdev.aws.fao.org/res02/CRUTS32/Hist/8110L/yyam200a_eta.tif,278989,Irrigation,Nan
yyam200b_eta,\res02\CRUTS32\Hist\8110L\yyam200b_eta.tif,Growth Cycle Attributes,Crop-specific actual evapotranspiration (mm),Crop-specific actual evapotranspiration (mm) for the time period 1981-2010 for Yellow yam with an Available water content of 200 mm/m (under rain-fed conditions) and low input level using climate data source CRUTS32 based on Historical,1981-2010,CRUTS32,Historical,Yellow yam,Available water content of 200 mm/m (under rain-fed conditions),Low,mm,Growth Cycle Attributes - Precipitation, https://s3.eu-west-1.amazonaws.com/data.gaezdev.aws.fao.org/res02/CRUTS32/Hist/8110L/yyam200b_eta.tif,280977,Rain-fed,Nan
